scoleman0@nature.com,nFnh45yIRa
afernandez1@icio.us,YRHn1i
jyoung2@spotify.com,zwhoe94vA
malexander3@altervista.org,MFcNVWM5qCCj
jortiz4@yahoo.com,slyNdSK
bmccoy5@alibaba.com,QRqqMbHCCjA3
asimpson6@mapquest.com,E0KhsFU
sgreene7@blogtalkradio.com,QjsUjlS
grivera8@bizjournals.com,gw44nirRyP
blewis9@mozilla.org,jhrmKP468R
kmendozaa@hud.gov,v9Udt3FU7OL
tgriffinb@moonfruit.com,RCIzw3F
jcarpenterc@alexa.com,J0EscN
ahilld@feedburner.com,YBl7awshww
sweavere@nytimes.com,GBEfdK
jfoxf@youtube.com,cfpFG6M8
mmoralesg@cnbc.com,hxaoA5
jwatkinsh@patch.com,mBhvzxN
jmorenoi@ox.ac.uk,Z34YHVFZYTHU
jcastilloj@bing.com,wwe3Tbvnhp
griverak@twitpic.com,KZLH4qacCb7m
aedwardsl@desdev.cn,R4fTCz
mlawrencem@exblog.jp,2oLdIl
jmurrayn@infoseek.co.jp,xU1IFQ
jpowello@mtv.com,svQgdY
rcookp@liveinternet.ru,yTtz5Vwf3yE
cnicholsq@dedecms.com,VVQJkzae
mmcdonaldr@geocities.jp,usQ7pdQdFPZt
kwashingtons@e-recht24.de,Lmposa2V
blittlet@jigsy.com,CdbzKEdU6py
jmorenou@360.cn,TRBujum
rwardv@forbes.com,6YbOZ4
jhowellw@fastcompany.com,7RJ5VBj
marmstrongx@washington.edu,Qxo9L8S
jwoody@opensource.org,iApLtzRzBT
rmillsz@state.tx.us,EdKXCRjbN
chicks10@friendfeed.com,IM42rbqzhH
sbishop11@nhs.uk,ssNozKtKe
jbishop12@comsenz.com,OUNcqy
ajames13@microsoft.com,zp15tL3yu
bgordon14@nasa.gov,tXAaj9jh9cWW
jhenry15@usnews.com,vDt483jLJ
pmason16@ocn.ne.jp,w6QsGwToQr
jjenkins17@cam.ac.uk,e7MvreA
dwells18@harvard.edu,N01ZZdwoQ1qu
rflores19@unesco.org,6tJLUzmf
pevans1a@hugedomains.com,V37icraC
cwebb1b@fda.gov,FNvTaRhBh1L
jmorris1c@bluehost.com,QTIaqWgf
rlawson1d@jimdo.com,RX9iGKkSh
tgordon1e@theguardian.com,enHMyGu5
lbrown1f@rambler.ru,ozMX4BstXPrK
aday1g@delicious.com,ANMrxyM2
rcarroll1h@yellowpages.com,gW26dg
lphillips1i@merriam-webster.com,PWB8vi8q3wim
rmcdonald1j@cnet.com,AQLGc72f15
scollins1k@imageshack.us,QbuQOwsdg
csnyder1l@guardian.co.uk,wHWjgl381
jcruz1m@princeton.edu,CriLt78ou
rburns1n@vimeo.com,2Pif8H
jwilson1o@sogou.com,vrdOdL3I
jclark1p@typepad.com,9daPZJ
tdaniels1q@toplist.cz,HUYpgHx8
bmatthews1r@chron.com,qEFMxKMsAAUn
cburns1s@t-online.de,UOs3jmW3Z
aweaver1t@tumblr.com,VJBYT8xIt
wjames1u@google.ca,YQjXqSHcto
cstone1v@networksolutions.com,p746We7ZZpN
lgonzales1w@nature.com,9hAHKDmwbK
dcollins1x@desdev.cn,2nMZ1W5Ve
cpierce1y@photobucket.com,ivJZJJ
mboyd1z@t.co,ziPLeDMET
lgeorge20@istockphoto.com,OhKsAB2Mg
kcrawford21@reference.com,5iBYR3u18
jbowman22@whitehouse.gov,TSw5HHx
amurphy23@tmall.com,T8SzA0s
rmoreno24@hugedomains.com,Go2so5gjfgQd
cgriffin25@washington.edu,zn0RlipvXY2U
esanchez26@devhub.com,rpyEenVKNh
cjames27@seattletimes.com,UPOQytvjj2aO
swells28@ow.ly,WLxpPfpQr8B
rharvey29@blogger.com,0IuMf76
jcarr2a@unicef.org,8oFwdoElea
hramirez2b@cyberchimps.com,z7BuOt4XTd
mhernandez2c@weebly.com,uNDbmbOVv
dcox2d@hhs.gov,orJ16e43sm
ccole2e@baidu.com,U7y0qduarAHt
cburke2f@uol.com.br,nXuYCDxE2Y
cwest2g@intel.com,19nlD6
awest2h@paginegialle.it,liiSYkqfxo
bruiz2i@histats.com,y2BjOMGawu
lwatson2j@etsy.com,Wdpy7Lg4wCF
wprice2k@gmpg.org,6HlyrI
rchapman2l@intel.com,pJWbCieFwox
awest2m@plala.or.jp,Fe1IfzNUADt
scrawford2n@accuweather.com,djI61JVn5kZ
gpayne2o@wikia.com,FtWHurNduSI
mgibson2p@jigsy.com,4Uj7bHi
rcollins2q@disqus.com,DvRsj8dbiHw
vpeters2r@last.fm,PktmVAnm
arobinson2s@arstechnica.com,raoFrq
smitchell2t@home.pl,U7r207S
badams2u@miibeian.gov.cn,I46qfpFU16
jhart2v@blogger.com,DK0nprs
galvarez2w@facebook.com,tpdbfU
whughes2x@irs.gov,UQ00oJljTi
ahawkins2y@sogou.com,KOM0G3y0
jwebb2z@ucla.edu,DFcAIqK4UPxO
dchapman30@hp.com,0Gprboo
rclark31@about.com,RfqFrVXw
chernandez32@yahoo.com,7t1h5gRy2
fharris33@drupal.org,eqxTqTLyyuP
gbailey34@mayoclinic.com,6vKqUJkzpKP
kroberts35@shutterfly.com,Qne2rfay
aellis36@bloglovin.com,9zmgtuMyu0
jphillips37@google.co.jp,ahzoPBsJ57
amitchell38@acquirethisname.com,cSqnpCz
ecarter39@columbia.edu,0JUPinB
mlong3a@addtoany.com,BglTcYwoOf
cfields3b@dailymail.co.uk,KiezIuT3q2z
ctucker3c@drupal.org,tN0sgYlBjzI
rrogers3d@cafepress.com,AeE1M4yNNXZ
lkelly3e@bandcamp.com,xLIziMr
rriley3f@nbcnews.com,oOvLY8QIoJif
afranklin3g@wix.com,ADymHxpfeKr
mlewis3h@parallels.com,163tq1B3Hd
rsimpson3i@com.com,DNUlylbj
bwashington3j@google.pl,RypjjS3So4T
swest3k@technorati.com,82fXQHpDh
areid3l@sakura.ne.jp,cwVrQsbl
dsullivan3m@odnoklassniki.ru,sujCP5GT3OOk
jharper3n@berkeley.edu,oHZ5Dl
gfernandez3o@mozilla.com,g1bykstu8Npp
mcollins3p@pagesperso-orange.fr,QG20uBHXZb9
flawson3q@xing.com,Z6uD4cO
agardner3r@geocities.jp,cBi3Sa2
djones3s@ehow.com,OTe3IMGl
jwarren3t@harvard.edu,QohuD3
dstanley3u@spotify.com,IW9ft6qF9q
crichardson3v@ameblo.jp,d6oj1d6
redwards3w@weebly.com,ooYXFNR
rthompson3x@noaa.gov,5AMkHvJYI74
kmorgan3y@about.com,QMqcm180iCJ
jgonzales3z@4shared.com,4aF1dkqPyW
dbutler40@examiner.com,OyUH0irMVOV
ssullivan41@phoca.cz,54lLzb1A
ktaylor42@ovh.net,cc2UoyliYs2
mmorgan43@wix.com,HRGYBTz
kwhite44@vimeo.com,theTsTs
mdavis45@acquirethisname.com,oJvwD94
jharper46@wordpress.com,fZyUnRLq
cwallace47@mediafire.com,4CtiyW
gmeyer48@dion.ne.jp,72p9mnN
vhudson49@howstuffworks.com,M7PY2xg1EC8L
jburns4a@telegraph.co.uk,fNOSS8
scastillo4b@yale.edu,2h6V5cBx7
jschmidt4c@narod.ru,v8Ep8iR9ywY
jwarren4d@imgur.com,17AQxQYx89
pgreen4e@mapy.cz,HMPoSU2XgFDD
kanderson4f@google.nl,MhGFsnxj
hryan4g@sina.com.cn,F3MCDnOM
gcarter4h@e-recht24.de,XI5djD
rhart4i@domainmarket.com,mXGPHF
nwarren4j@businesswire.com,XtHbsatWTOz
wadams4k@businessinsider.com,opyJdnWGVJ
amartinez4l@intel.com,5tOTRtX
spatterson4m@angelfire.com,fcR27FXuX
triley4n@ebay.co.uk,kPNOuDf
mross4o@unc.edu,B0bUnIMp
pwoods4p@storify.com,3j6qQYjz
mgarrett4q@prnewswire.com,VQT6oKO1
chall4r@umn.edu,0tRnKLS4Wxco
bvasquez4s@yellowpages.com,r6XZ5TFM
vgreen4t@weibo.com,9QncHe6
barmstrong4u@ed.gov,xkkRei1KIJp
ajacobs4v@amazon.co.uk,RMGf5b9Yc2
wboyd4w@who.int,MBCq5KY
kgriffin4x@craigslist.org,nAjmpxNX7
hkelley4y@yahoo.com,jKYiOC
ncooper4z@shop-pro.jp,zS5EFdhSneS
jmorrison50@eepurl.com,3jzwdRlII4hw
afields51@google.com.au,6VekLY9
rreynolds52@godaddy.com,FJvapStcd
cphillips53@ted.com,tQSc9WLWWnXs
jmartinez54@angelfire.com,XTOI3jl
ebailey55@blogs.com,Zdih9g
brobinson56@un.org,dA3mrlW
dsmith57@ca.gov,bkUZhXGSe
plewis58@mozilla.com,G3XlGX
jgonzalez59@deliciousdays.com,u6C0qTq
jfranklin5a@ftc.gov,IKX1DeSJN
mbell5b@slideshare.net,HA3Y1d
jburke5c@ibm.com,dKs5c8jear
jmeyer5d@fema.gov,LZIuoUWeItR
rhart5e@bloglovin.com,JJdskGY
bday5f@clickbank.net,rlUaBZ
bnguyen5g@businesswire.com,3HOWfi
brose5h@hubpages.com,c9sBXpV
pwebb5i@tiny.cc,g0ETIpYcV5U
dmccoy5j@state.tx.us,kz8sf8X0nku
achavez5k@weather.com,4xrN6TQlVXAm
wking5l@nifty.com,VKcVuVUhYF8
swashington5m@telegraph.co.uk,bqEQeBlni
jarnold5n@mac.com,Y2Nw1JvMUCwp
mtorres5o@spotify.com,UbM1XLrUrvL
hreyes5p@npr.org,iPEi75LDJO
lhawkins5q@princeton.edu,4DQRBejJhIw
pduncan5r@nsw.gov.au,eguquxrnUbuo
sgonzales5s@xinhuanet.com,lLZLQgop3Wv
ccooper5t@cnet.com,kOo3y3Pt
cthomas5u@devhub.com,Z5kgFt
rmoore5v@prweb.com,UESlg7ih
lrice5w@spiegel.de,mHCPnw2
ayoung5x@adobe.com,3xojCG2
mhansen5y@tamu.edu,8KqMVi
bburns5z@tamu.edu,mpLRkb
mperkins60@tumblr.com,2x2YJTP50xo7
sreed61@wufoo.com,wLlgUe
krussell62@eepurl.com,Y9kWmu4A9
gbishop63@booking.com,VIbVyoSK
jmason64@4shared.com,NNOqOLos2C9
smorales65@infoseek.co.jp,UPSx5vj3Pcoe
msullivan66@nature.com,9sLGRre
jfox67@prnewswire.com,NCaOEqv
ahunt68@issuu.com,ex9Vrl
wcooper69@networkadvertising.org,oUkV81L5f
marmstrong6a@wikia.com,kr5TlYY
kwagner6b@dion.ne.jp,2AVF4JxcRSto
nking6c@google.co.uk,0vBXGM
dchavez6d@studiopress.com,rotGZg6hpNKt
msullivan6e@edublogs.org,dVeyotLKSLq
jelliott6f@nih.gov,6BHEOfv
ecarr6g@webs.com,sXceiSdY6Gq
jsanchez6h@mit.edu,kIeOXR
mfreeman6i@behance.net,nvMMNnDIF
mfrazier6j@fda.gov,KjTz9Jrw
thill6k@hud.gov,gPxqUaJI
scastillo6l@t-online.de,0CXiAIe
canderson6m@tumblr.com,p7MaKU2hp
lmedina6n@prlog.org,st3UsjQuqE
acunningham6o@last.fm,DmS5O6nOrXtW
dhanson6p@mtv.com,ZQDwrH
hhenry6q@stanford.edu,ED1YQIahB0X
sboyd6r@cyberchimps.com,5VWbbTyB4e
dgriffin6s@google.ru,RLMaMk7sPv9
blawson6t@skype.com,ZVJGPsoOi
jbanks6u@smugmug.com,ojcbYiXmYw
aphillips6v@businessweek.com,62335RIz2dDu
eharris6w@squidoo.com,81mY2BRM9qUF
gparker6x@symantec.com,EREGlehB
pkelly6y@aboutads.info,VGO6CEZSpds
wjacobs6z@ft.com,Xl1JemxBpr
ncole70@mysql.com,R2fsExrlkBr
rgarcia71@dailymotion.com,1BfAQwwUUTCx
cowens72@alibaba.com,hoa7qjRQ
sellis73@rediff.com,yxhonp
lrichardson74@github.com,XnKoXvXOk
dmcdonald75@ow.ly,IlFSTnLnUzj
mhamilton76@flavors.me,vYdyDl
awheeler77@huffingtonpost.com,hXzIdmWy65Ta
amurray78@scribd.com,ppB3BOJU8
rcollins79@hugedomains.com,Onyms0K4FJ
nsullivan7a@posterous.com,nN57Rc58
dcunningham7b@cdbaby.com,nQdO8oqNB
jwood7c@whitehouse.gov,SD9VIldIC
ssimpson7d@spiegel.de,XpAM1qMr
sbryant7e@surveymonkey.com,sy8CkSXcMp
msimpson7f@youtube.com,YG5YCWF1qq
cramos7g@domainmarket.com,tWFF7Q
agilbert7h@fda.gov,buQXLbkrw3
tford7i@weibo.com,s8mNNi
nmorales7j@simplemachines.org,QkYjkeFL
jcole7k@unc.edu,VG9NcsTP1SEz
acrawford7l@qq.com,Gk5M7EK7
pcruz7m@surveymonkey.com,Nx9zWWU
blewis7n@github.com,xB8GWQquR
lberry7o@behance.net,5NOkl4
arogers7p@tuttocitta.it,gCmDE0Y
arogers7q@prnewswire.com,VxnxTNa9A
bharvey7r@google.de,2DtJAlnC
aberry7s@biglobe.ne.jp,VMi07hj
fcollins7t@a8.net,xUpcoMneK
rmason7u@ihg.com,u9AVCOGy
rwagner7v@studiopress.com,E5ssVG1
dpierce7w@samsung.com,T3PilKvtz
mjames7x@csmonitor.com,BA2RzKuj7
thoward7y@so-net.ne.jp,bLGjwA
abaker7z@clickbank.net,ds8xIdN7r1R7
gblack80@xinhuanet.com,RVPyp87b
mhamilton81@cbc.ca,vZGwbmUa
apierce82@abc.net.au,jfbfDkehn
pnelson83@comcast.net,y0Sflbc6OlXy
mvasquez84@wufoo.com,13DdmO5i60
mschmidt85@fema.gov,Um9MXK1d903
aellis86@weebly.com,H5xRvwaL
cpalmer87@epa.gov,xMSM3aBDL3aY
cfuller88@phoca.cz,ElczhcZFcq
pstephens89@pcworld.com,NYmP10
wwheeler8a@gnu.org,NnEaqe
ckennedy8b@noaa.gov,lQCjR9dL7iV
lmason8c@nifty.com,p9y0PKjwd
aortiz8d@quantcast.com,2CYEDlQiCP
sjones8e@indiatimes.com,KPQlT1c6V
acole8f@google.com.au,5r0EehM
mpayne8g@tmall.com,AA6NWEA
srichards8h@amazon.com,CTKze1
hgraham8i@list-manage.com,yqt78M
sburton8j@cpanel.net,dE1TpXnc61LO
sphillips8k@redcross.org,7nxO2dSeWqC
druiz8l@last.fm,cTSb3iwEwY6
kburns8m@istockphoto.com,BAKee0wIQ
athompson8n@businessinsider.com,Xo3gprDh8ok
nmoreno8o@t-online.de,Kr9W8ovpPA
dmoreno8p@princeton.edu,Iim43C2P
cmorris8q@csmonitor.com,hUopE4HizUn
amartinez8r@dailymail.co.uk,ybKk62FQ
ithompson8s@deviantart.com,hbiLlNUGg
ehamilton8t@wisc.edu,for1rvWMHA
dmartin8u@sogou.com,aBLvC65s
rmorales8v@alexa.com,Xz6R6qU6Jxx5
csnyder8w@wiley.com,dZPmk46
aking8x@unicef.org,CDdN9Tcm
emyers8y@typepad.com,PzuzWqV
gday8z@wired.com,38W45gLSD
lharris90@gov.uk,TThyGDjiqwde
bperkins91@clickbank.net,5y6PXZYFs4
pmartinez92@yellowbook.com,igVraA
bcastillo93@apple.com,ejK5e3
nsnyder94@gmpg.org,ZnEyCky1E
dchavez95@engadget.com,v6LCNkSRlp
ralexander96@adobe.com,1h4aAuHx
jalexander97@cbsnews.com,XD3k3fJ1ZH
aharris98@altervista.org,7sYCHd
wstephens99@blinklist.com,D99pQ8nM9
fward9a@sphinn.com,0av3DsX8w
jburke9b@geocities.jp,3uCndfYUDde
hsimpson9c@patch.com,b2DWZo
estone9d@epa.gov,nWT7Up9OxT0
radams9e@tuttocitta.it,fD3wi1
ehudson9f@webs.com,sRmPbdnEQ
brogers9g@wufoo.com,9zo3AooSwTjL
mgilbert9h@mediafire.com,r9BKa8siknW
kstewart9i@angelfire.com,uBrEt7ErV
sdunn9j@i2i.jp,CpioVln
nmeyer9k@pen.io,cnW1iQo
adunn9l@friendfeed.com,g4eVrt
ljones9m@deliciousdays.com,kxdhaqVmP
mburton9n@tamu.edu,XUQgSKfZk
emiller9o@soup.io,qVixZhjUEf
cfrazier9p@vinaora.com,Q1ulJ3UG1A
cadams9q@virginia.edu,dZrKkcM
ckelley9r@goodreads.com,mEABSXK
rburke9s@bizjournals.com,onDyPlJ1IroE
kscott9t@google.it,bY8cka56
dcruz9u@cbc.ca,M0NTFPy
acastillo9v@google.de,CsyLU3gTD
rphillips9w@nps.gov,TP3vLzOONOAW
jellis9x@devhub.com,rZ6bJE6UviAV
bhill9y@narod.ru,KF9L35
kkim9z@symantec.com,DzrumzKivoH2
mbanksa0@xrea.com,wDVolkD3HpF
ireyesa1@yandex.ru,FncY3b5zrNl
srosea2@tripadvisor.com,76vZDWR
lgarretta3@dedecms.com,2L6JvX
wrichardsona4@biglobe.ne.jp,maDOqY
jmartina5@dot.gov,RW0s5ZFw
bmorrisa6@deliciousdays.com,ibojaz2r
afernandeza7@hostgator.com,QEzktGc
sholmesa8@jimdo.com,TC7lv4kxs
sstewarta9@imgur.com,kI49mjx8NPR
jellisaa@examiner.com,It5jf5
sperryab@hhs.gov,26XKpsI
ksimpsonac@lulu.com,VIAVn9w6U
selliottad@printfriendly.com,sxAdIY
pfosterae@woothemes.com,1V8mE7ws4I
lbrooksaf@google.fr,GcN4Q6D2yE1
jpriceag@auda.org.au,jMxbbxKflkCU
rfernandezah@salon.com,oHR8nlUz5
mgriffinai@aboutads.info,OWNeDzi2m9
jwoodsaj@flavors.me,9WSWr6b
mrussellak@huffingtonpost.com,OmWtefAbK
mrobertsal@purevolume.com,bB5D8v
sgriffinam@go.com,x6wz2u
wcastilloan@cargocollective.com,JNFvuahjXq
pbakerao@uiuc.edu,UR8XEWhlY
lfrazierap@statcounter.com,8QqozZo0
rbryantaq@goodreads.com,BicQC500TJj8
kmitchellar@unblog.fr,yVXbWwJzWKC
jgibsonas@nih.gov,H748R7QeMML
acampbellat@answers.com,2cOhXk3r
tmorenoau@unblog.fr,NftScVHs6
bwrightav@google.com,PcTk00Oh
ktorresaw@vistaprint.com,f0Y6LEtM
mhudsonax@dmoz.org,Na24PRjohzFq
gfosteray@nifty.com,amWtktDfw
gwheeleraz@a8.net,uYrslchxbX
mmendozab0@unesco.org,i2nw0c2xK7
pwarrenb1@hubpages.com,VgaNdov86zV
scampbellb2@desdev.cn,WyEk4JWcjY
jlittleb3@yahoo.co.jp,CY4o6pEa
lhughesb4@etsy.com,AHXDzW
swhiteb5@webs.com,HVuSbJjkjuc
jduncanb6@hubpages.com,ZMfKGGpymN
jmeyerb7@tripod.com,2H0AWUb
hchapmanb8@ucsd.edu,piBjPRMJ
agrantb9@delicious.com,nyzchN0lK9
hknightba@parallels.com,QUEqlXvwJ9Yb
jbryantbb@mozilla.com,IAuB2jxazTr
dmorenobc@bbc.co.uk,E93WZxA
hreynoldsbd@soup.io,6ZviC6
lhenrybe@army.mil,0V1FI9ktIdC7
ewardbf@ihg.com,FuJnnZUAd
jlopezbg@ezinearticles.com,n0W356r8aRLH
hmedinabh@xinhuanet.com,F0zRmEwCGG
ballenbi@unc.edu,XZ8GujKSb
jpaynebj@mashable.com,4RjFV3nP7dR
pmarshallbk@army.mil,13QtSI4w4z
jmendozabl@huffingtonpost.com,GxAea8
sdixonbm@nasa.gov,zgyEsG8
rmillerbn@acquirethisname.com,5v2wDWs2c
jharrisonbo@is.gd,cdrAhtg0t
smoralesbp@usgs.gov,gZUq1K0Z
fgrahambq@livejournal.com,IHtw1ilFA0mE
tbryantbr@oakley.com,MJn0Rw
ifernandezbs@hubpages.com,Fuzyj3kGls
nthompsonbt@umn.edu,aTr5E58rHwdk
agreenebu@t-online.de,5zZyHqz
pedwardsbv@usnews.com,aVU6QfJY
rkingbw@creativecommons.org,wDc8oAcLHyxj
trobertsbx@google.com,kvegxKcjW
blynchby@eepurl.com,KBLS68ePw
ggrahambz@myspace.com,xwb9teZP7c
ecooperc0@bigcartel.com,H5Vqcb
cpetersonc1@xinhuanet.com,JxlDNKbC7A
rblackc2@t-online.de,Prnq0BqcZ
bwatsonc3@rediff.com,O52OUdp
ahansenc4@thetimes.co.uk,TaEUJkPymjl
dshawc5@naver.com,g6g166d
pfreemanc6@wikipedia.org,8hFbdZ38
wrodriguezc7@nytimes.com,TYycCSnBB
lcolemanc8@google.com.br,ZGLpZsp
agomezc9@discuz.net,WjYGLAix
lhallca@skyrock.com,UKvNOHHnIW
freidcb@storify.com,qxCuJej
dgarrettcc@github.com,HflhdSRXL
aarnoldcd@prnewswire.com,Rk6YUc0TV
vfowlerce@shutterfly.com,nB8L4LVNL
jhowellcf@nba.com,4QqGo1yxWll
lharveycg@state.tx.us,JqqAVF2Jxl8
agarzach@discovery.com,TRho183EQFf
jwrightci@hibu.com,sPCs4OjFQ
ematthewscj@w3.org,qwucyRYQFX1
sevansck@arstechnica.com,d6wWBrtbI
wfishercl@youtu.be,y9IitvwE39J
gwatkinscm@ca.gov,Wdi1Sy5DkP
hcolecn@unicef.org,NnM8SsxVK
jnguyenco@soup.io,nafpcBV
jchapmancp@bravesites.com,2iWEecgMoB2
vturnercq@hatena.ne.jp,W8gHiXZiVkA
cmurraycr@weather.com,CoMnSi0IqBIR
jmoorecs@mac.com,RBn5Lx
staylorct@ox.ac.uk,RLsHin
ssullivancu@soundcloud.com,1hh6w4zi
acartercv@vimeo.com,wxCzrpAh4Q
lweavercw@columbia.edu,WkkmAYDXy
jmyerscx@statcounter.com,C958LLiWeSZd
tgordoncy@4shared.com,daZOXg8x8Rm
pryancz@dagondesign.com,7KDLHridbkek
llynchd0@quantcast.com,AqJdRHMqjO9c
ehalld1@usda.gov,0Vl4fkQwA
dstanleyd2@washingtonpost.com,XDRjErCBa
parnoldd3@cmu.edu,zdZkhFB9
coliverd4@wordpress.com,nKAatslMsSL
hryand5@linkedin.com,bkwmCJYcl
bellisd6@cbslocal.com,fd7nGZr0
ckennedyd7@goodreads.com,BfMUNBzs
ahamiltond8@free.fr,eqkpDXB
afoxd9@mail.ru,SiaWEB9UiZ1m
ahughesda@java.com,eJSLmNHw7
rlarsondb@discuz.net,dJgnuRUujWQ
rblackdc@nba.com,8MKvtmnW
kjonesdd@newsvine.com,4cOyZqGUZh1
kjohnsonde@hibu.com,L7mA8Q1
sbarnesdf@gizmodo.com,vNhz8zCx3
rtorresdg@mediafire.com,J1zh2G
tfieldsdh@xing.com,9OpZU7gZN
dramirezdi@yelp.com,OqX5Lxt
estanleydj@prnewswire.com,Dpsez5G05mi
mbowmandk@joomla.org,FmoJefL
mlawsondl@netlog.com,UCRvYn2peD4
mpaynedm@hhs.gov,0MSj04s1KQUH
mspencerdn@feedburner.com,tt1vO5z
cgriffindo@diigo.com,wqFeiXmPC
nhawkinsdp@1und1.de,TNfV1sCyS
lwoodsdq@hp.com,t5uPs573mY
ggrantdr@wordpress.org,bIHfateIU
talvarezds@com.com,mnlamwA
dchavezdt@geocities.com,F6t2hm
cweaverdu@usnews.com,BrykYS
anicholsdv@sciencedaily.com,87P6IcuuM8nm
rstonedw@instagram.com,PeGPEuuwqBN
rmurraydx@printfriendly.com,TbWiUwXl
asimsdy@prnewswire.com,p9INQfU
hweaverdz@state.gov,Vpxh39XFWl
pberrye0@blinklist.com,0KUuaiGTlBP
jduncane1@mozilla.com,qp0JdDh
ljamese2@smugmug.com,8jngX4QffZms
mrodrigueze3@blog.com,adT1C0sa
tcolemane4@hp.com,mJWx9Ojc1
awillise5@marriott.com,6neScit65wYj
kellise6@nba.com,ZSDWpa
areynoldse7@github.com,iKVUh9OWLcs
hbrowne8@chron.com,Omam3ZlCG0Q
rforde9@wsj.com,CRXZPZb
edunnea@parallels.com,aDyRuqx
tscotteb@github.io,9lyOHS
dvasquezec@ameblo.jp,QPjqibh
tolsoned@bbc.co.uk,qTTuuLPb2X1
sperezee@dropbox.com,OW9xZMXZo
ccarteref@ted.com,YujIFdQpuaI
bwagnereg@bandcamp.com,d5EfNIGeMKe
mfieldseh@de.vu,xn4wY9nX1S
wyoungei@chronoengine.com,HWjpDAD11n
balexanderej@amazon.co.jp,zRmYgyB1k7nT
sgrahamek@omniture.com,pXmvO2m8l5
taustinel@usatoday.com,C5v8kV72
aramirezem@nps.gov,DlQJq7
jwrighten@cdc.gov,XbBoXNm0a
lgomezeo@telegraph.co.uk,yE2Wthz
kdanielsep@time.com,vL39ldS49O2
sshaweq@yellowpages.com,4DsAu0xsXOX
sjacksoner@deliciousdays.com,Hmx78oZENCQ
erosses@opensource.org,4dqwQAwUqq
dmillset@deviantart.com,ZKNJafDv5H
awebbeu@walmart.com,JLHALXIt
kcarrollev@nhs.uk,T05m2L6mMTQn
ncarrollew@homestead.com,zH99m0
pjordanex@pbs.org,ezJTYI4
rroseey@theguardian.com,C008nBK7d18v
gandrewsez@archive.org,NFgTWJofHQfZ
jsimpsonf0@histats.com,pnanJ235XnV
ebaileyf1@de.vu,WfNRQVfMJm
jgordonf2@oaic.gov.au,wePNLxCdvm
rharrisf3@about.com,oKMRaYaT7
hwardf4@timesonline.co.uk,4jsYFprZh2
jhowardf5@diigo.com,tqgI4Mpbc
cbanksf6@parallels.com,PjXff7g
dharrisonf7@mayoclinic.com,Rm32Bjt
mbellf8@qq.com,1Yj9bIUhoiGh
wwheelerf9@fc2.com,pwkWalfiGNU
jellisfa@google.com.au,pUHHBuDS
jwrightfb@kickstarter.com,EHC1m9Onui
promerofc@imgur.com,ZLh4wP1
rdanielsfd@java.com,0Rs6iydLl
sriverafe@chicagotribune.com,G6SusIX
jmooreff@macromedia.com,lEqyjr43t
jmorrisfg@themeforest.net,zPQkXPmMD
rwarrenfh@bloomberg.com,cQcyqN
awallacefi@umich.edu,A1ddwh
jthompsonfj@shinystat.com,crNhnNC
mdiazfk@symantec.com,jp28lt
jgordonfl@merriam-webster.com,TKHIpCeEo
acollinsfm@nymag.com,tL0SYjoai
pkelleyfn@blogs.com,rl4zkyoWI
wmorenofo@people.com.cn,xSgvEa61Kp
pharveyfp@techcrunch.com,9rGPgcGkBm2
amillsfq@tamu.edu,M1RRlt
eandersonfr@redcross.org,JVIFeQWk
tstonefs@webmd.com,iTn3iby
areyesft@marriott.com,JSwPJxAP0UE
shernandezfu@instagram.com,BcDSTV
rbutlerfv@shop-pro.jp,pm6XGjG7X85
mlittlefw@jigsy.com,iKlSvKv2vYy
lpattersonfx@pbs.org,h1u21zz1
jjohnsonfy@canalblog.com,7dzNNzpUCOf
ssnyderfz@posterous.com,ARhThKZO9
jhawkinsg0@answers.com,cYxOSOLoVP
ewrightg1@networksolutions.com,bgKF25xqXna
dbanksg2@youku.com,uVqk5hE0Lt
kryang3@myspace.com,iH3in0WMSgmk
pgomezg4@naver.com,uexpLxk
dwarreng5@chicagotribune.com,UAoW3Dw
ewallaceg6@yellowbook.com,AlRpUJW
bturnerg7@i2i.jp,kkHvFDoC
ghendersong8@apache.org,bNRQEB
kwardg9@people.com.cn,ygPeWzx
wfisherga@msn.com,I0guem
aandrewsgb@symantec.com,Ag0JMSePmD
fhillgc@wordpress.org,ErDnvL5X81
arossgd@youtube.com,PuGYA4Pye5sr
jburnsge@prweb.com,Pf3mkdh7MHF
athompsongf@qq.com,sQ28uAre2
kmillsgg@jiathis.com,OAqlVCjW
twhitegh@theglobeandmail.com,ekYzeuafwp
mfostergi@bing.com,d876GKeWM
dramirezgj@netvibes.com,EtlqNwv
stuckergk@epa.gov,Fi5Js3
sgrantgl@yolasite.com,9dabKxBfl
arichardsongm@irs.gov,WMhgfQutV
mfergusongn@stanford.edu,ITeEEKdIA
dhudsongo@qq.com,JZQoWy6E96kt
chayesgp@weebly.com,xl057RfG0se
gaustingq@nydailynews.com,aHfxLkT1
dhawkinsgr@surveymonkey.com,wxmWoAGgQ
dcollinsgs@so-net.ne.jp,ZdUPtNVG
kcunninghamgt@java.com,m7SkbDl
cperrygu@spiegel.de,iekESGPMXkuE
mgomezgv@indiegogo.com,zUNx4o
dwoodsgw@sohu.com,oeZUJSvA
dreyesgx@google.ru,AhHmakKY
amoralesgy@arstechnica.com,rDNlAE3W
jbakergz@samsung.com,BVsHSkul0N
dmillerh0@arizona.edu,ms5spH
dbarnesh1@bluehost.com,9HIFB6JijlA
drileyh2@goodreads.com,eEbW0HG
fcolemanh3@ifeng.com,jalg4EULzjlj
mryanh4@weather.com,FhnaifvScIw
rgrayh5@mail.ru,PksBDnD
dwhiteh6@geocities.com,aqTQzcd
esandersh7@dropbox.com,99dgKc7sx
chenryh8@shareasale.com,5O3pGMo
rhillh9@zimbio.com,XHdxUy0
gmartinezha@guardian.co.uk,X6i6Gh
ndiazhb@discuz.net,wN7OHVxBOIGe
gbryanthc@nsw.gov.au,UxHMNgx5T
jlopezhd@flickr.com,pTyRTlZJ
cwelchhe@flavors.me,Pw7MfK
ffergusonhf@ucoz.com,naDZCahSse
ffloreshg@booking.com,lRmpQnJQsW
swilliamshh@google.es,qwUdD0x4
jmurphyhi@eventbrite.com,Qk76KJG6X
bmorrishj@fema.gov,Jw6ueUz
akinghk@samsung.com,Cl8kakdwRV7
rmyershl@sakura.ne.jp,4QS2TluRpj
jcampbellhm@archive.org,ebkors395pIm
ssmithhn@pcworld.com,p4tTB2ZZr
hwardho@hp.com,SDn0CypR
tandersonhp@clickbank.net,XWx36L6Tdl
prileyhq@soundcloud.com,jzUsK57
bkellyhr@lycos.com,5iL6ikP5Z7X
vgrahamhs@weebly.com,1CZWR9kDNf
crayht@aboutads.info,f2esAdLg8Q0
cwhitehu@purevolume.com,SPA65g3fF
rwatsonhv@github.com,qzaIj9mn
sarmstronghw@scientificamerican.com,kUK8SxUZk
hporterhx@blogtalkradio.com,YMrIBofa7
jharrisonhy@joomla.org,eyZ2UlY
jwebbhz@home.pl,PIhnq6oUR
erosei0@mac.com,H8FZqyrqwANs
thansoni1@indiatimes.com,yw9p4Ok
rfoxi2@cmu.edu,uDWRoE5
rshawi3@home.pl,MVdItZ
cknighti4@myspace.com,Hl3ewZ8Xtay
dwatsoni5@blog.com,hUNmLgPmohdR
chunti6@cornell.edu,rMqlkm6I0cXq
ajenkinsi7@squarespace.com,YJY3aeUCSUz
rnguyeni8@businessinsider.com,i18voV9BT
jmatthewsi9@bizjournals.com,lotIpcKCK96
mwhiteia@miibeian.gov.cn,IFn5vHN
arogersib@jiathis.com,itfGyNL4aZ
kwebbic@salon.com,jKG8gW
smooreid@soundcloud.com,0LJ91xJAFdM
rlopezie@shareasale.com,a2VCO5F1dceQ
apattersonif@webmd.com,etHestxE0qI
bandrewsig@ed.gov,ggmrJWgdz8m
ngreenih@ask.com,j4kNw5mA8f
lbryantii@t.co,avhk6HWc4JqK
wgibsonij@ezinearticles.com,HIu716smPpK
jleeik@technorati.com,nCGkn8pAfEfg
jrussellil@csmonitor.com,kezmPrzgl
pandrewsim@spotify.com,dQ64PIZVhFs
cjonesin@theguardian.com,xeuE5PYz
tmccoyio@tumblr.com,FmptMWuP
jhicksip@goo.ne.jp,HaLIdzk
dbowmaniq@economist.com,7DVZHVI
jdunnir@businessweek.com,rICntNpWmoh2
pmorenois@salon.com,igF3f1M
pmooreit@china.com.cn,2PAyjInMnzfC
dmarshalliu@wix.com,pzoOSmkPiBnY
dfosteriv@51.la,Xojnv3
jbennettiw@nytimes.com,VniIfcQHY9
kpetersix@yale.edu,KKkDqs2YV
sdeaniy@comsenz.com,jtR9Ian
emccoyiz@howstuffworks.com,zaAXgiGcQs
jfernandezj0@wired.com,orlJ43vCZ
jcunninghamj1@reference.com,C429FazYfoO
rstewartj2@squarespace.com,m68Z8R
jandersonj3@cdc.gov,4jRh2Z3crT3y
whuntj4@google.co.jp,t0OUFrJ5rf
aturnerj5@example.com,snFDq5CmFQT
bhenryj6@sciencedirect.com,Fhlpqvw
gpiercej7@msn.com,KRHS46rNDPP
rrichardsonj8@studiopress.com,W7Xrr5hB
pnicholsj9@de.vu,pFvd0jWMje
sbutlerja@digg.com,8DZ1dI
haustinjb@sina.com.cn,4FvN7fI8Bkk
lmorrisonjc@soup.io,QYFW8J6kchOM
gelliottjd@squarespace.com,fXXkxsbcmIm
jgriffinje@acquirethisname.com,BeY8be0US
atuckerjf@cocolog-nifty.com,yJqLESYecrC
drogersjg@jalbum.net,kvxEYSPI67
tgordonjh@twitter.com,f3ikIky
hbradleyji@fastcompany.com,Qyg5A0w
emorenojj@360.cn,fZGavmS8
lricejk@t-online.de,3aEgNc
mrossjl@harvard.edu,5Xha5VtFXINc
mmorenojm@friendfeed.com,HcEi52Ij
phowelljn@wp.com,gLq2a2
nmurphyjo@prnewswire.com,kVeRKXzKfKkS
knicholsjp@google.com.hk,o7F3ZPc
pwestjq@dyndns.org,WWCVM8Z
jkellyjr@ifeng.com,bvh6Z36
rgomezjs@phpbb.com,bcPRRym
awoodjt@acquirethisname.com,T3C1Aoye
jdanielsju@wordpress.org,LN3oZohW
dgonzalesjv@hugedomains.com,t4VoRQ8Yjp
areyesjw@toplist.cz,idNoGXYhu
tjacksonjx@japanpost.jp,32zH20JTCg
hlawrencejy@amazonaws.com,gPYQKy
jwoodjz@fc2.com,Vtc9fvK
jcookk0@gizmodo.com,2UvhylvP5
rfowlerk1@amazonaws.com,6H3gJrqcSH
mmartink2@studiopress.com,gAtVQpL
lcookk3@cisco.com,A6zZVD
gfernandezk4@naver.com,slFMGoi
mjohnsonk5@wunderground.com,89IeuU
ilewisk6@livejournal.com,0vHuDu
acampbellk7@storify.com,uj59gCf9fzI
jarmstrongk8@cdc.gov,bmIAkFZo
lcampbellk9@aboutads.info,6T35mR6Ia
gcarrollka@google.pl,KC6MB4zZm
jwhitekb@simplemachines.org,i32xM2f1X
nmcdonaldkc@imdb.com,wqDDw6RV
apalmerkd@sun.com,K6WW4iL1Ipa
lrichardsonke@weebly.com,1VfuBa5WBhLu
jhansenkf@soup.io,wmO8VycZ1eK
bpattersonkg@chron.com,Hi3T7XstPJq
ajohnsonkh@smugmug.com,UjxGsZJuY4c
jfergusonki@google.ca,Z4eZZfydkDv
mkingkj@deliciousdays.com,2S9ZR7p
chunterkk@samsung.com,hJi6REZ
sphillipskl@technorati.com,5Z568eXRI
dlittlekm@cbsnews.com,qnMXPwgK
jfergusonkn@nih.gov,HAWrnQ
dpriceko@jigsy.com,DsM7d5a43l8f
mcastillokp@java.com,akb06yk
kandersonkq@nhs.uk,XI8Xq0nuqDk
kruizkr@about.com,EBH38k9q
sevansks@themeforest.net,R13Ex9
tjoneskt@si.edu,Lq3qcIoTwz
bcooperku@eepurl.com,fCnEegZ
eallenkv@stumbleupon.com,FCh09XCr
rmorenokw@amazon.co.uk,UOmGAeQ0wHU
jsullivankx@aol.com,Bd9unNrLI
enicholsky@phoca.cz,9JnmKCiJsiL
jharveykz@ycombinator.com,j1emXiM
mrichardsonl0@yale.edu,ERo0LaH6eWDb
sgilbertl1@canalblog.com,cLmUjl
jbrooksl2@nsw.gov.au,pArBJ9x
dkelleyl3@delicious.com,rIGNEf7BiBx
jporterl4@adobe.com,Oabaa09xiLmG
afranklinl5@yahoo.com,07n8tVKgT
ereynoldsl6@sciencedaily.com,jqS5ZZ
ebakerl7@xinhuanet.com,nUv5H7c44Ks
krileyl8@ocn.ne.jp,OzKnWJAG5U
jspencerl9@skype.com,cF22fedYRm
hadamsla@state.gov,DeX1N1un
eknightlb@newyorker.com,q7yPbFkF
hbelllc@shutterfly.com,bNPYeKwq
rpalmerld@oaic.gov.au,qF95va
mgutierrezle@mlb.com,pIjCHomp
sgraylf@yolasite.com,0MehrHd
mburkelg@stumbleupon.com,eVf5hQO3UZ
jolsonlh@soup.io,gEKvxW
jrogersli@indiatimes.com,FwcCoAiOvpst
khernandezlj@statcounter.com,RahbZtAEyLM7
cjordanlk@columbia.edu,tUntWp3d
mjacobsll@wordpress.com,IaYG9E3
dellislm@typepad.com,NaHO69
proseln@github.com,SvsbbIs2Su
athompsonlo@sphinn.com,fRpbV8
jmyerslp@rakuten.co.jp,0DFkCNZwRGN
eclarklq@photobucket.com,uANH6pKLxrz
ncarrolllr@google.ca,jHtUmtP
smoorels@edublogs.org,ki9B2A
khilllt@mayoclinic.com,7Ozwdp2Wrb
mraylu@sbwire.com,tjKa3nrEcZp9
mduncanlv@eepurl.com,2jgYIi
skennedylw@elegantthemes.com,ubbAnVeC2Iy
kvasquezlx@fema.gov,NqMH4VWjS5E
cmorenoly@imdb.com,uLdGQgz
jwarrenlz@berkeley.edu,qul3gE
estanleym0@taobao.com,RVJ2WMon
cgordonm1@google.com.au,JmDA7x
bramosm2@prlog.org,I2eRWQKW
jbishopm3@nbcnews.com,7o6JYFZc7j7H
ehughesm4@youtube.com,NPYFfWrD7J1
hmeyerm5@irs.gov,dXVe3zeE9S
ccollinsm6@wp.com,yiF25v
vmurraym7@blogtalkradio.com,UZja7cD7X9
afoxm8@github.io,UTl23js
kgriffinm9@goo.ne.jp,Y4xrPjPLVtGy
hsandersma@wikia.com,Cwgoc4tSqcIl
pgordonmb@friendfeed.com,7gBiBzSQ3g
hkimmc@sina.com.cn,k7KTO3
ahenrymd@livejournal.com,Jk85XLMVm6sI
dwilliamsonme@wp.com,c6ehC8u2
sstewartmf@desdev.cn,nQqacP
tsanchezmg@ca.gov,fjC6piVH
lstanleymh@vistaprint.com,OClOSodP
fwhitemi@dion.ne.jp,BCNyvrLY
rwellsmj@pcworld.com,AvuFBjhZwK
cfullermk@weibo.com,Ci0lRVFq
pgreenml@joomla.org,tebhZWQhAv5v
kchavezmm@hp.com,mrbhLPw1oeis
pgreenmn@yahoo.co.jp,sMsLlh
preynoldsmo@ted.com,MZ3foa
ccruzmp@arstechnica.com,MhWEJg93
jolivermq@google.fr,lMMGFbzE8RA7
gwestmr@statcounter.com,UIG4X0LZ
bmurphyms@cpanel.net,1zKrfnOCecaI
mhansonmt@feedburner.com,ve6a5bse09Sc
jmccoymu@reverbnation.com,cBrsUMTD2PVN
khawkinsmv@photobucket.com,TGH174de
hwheelermw@phpbb.com,MSNoLYclH8sf
hwatkinsmx@msu.edu,4ukvDjuZJH
cbutlermy@rambler.ru,lYjJPHo
cjohnstonmz@sciencedirect.com,n8r3cQ5
mrobinsonn0@yahoo.com,uRdGxH2u2C
hwheelern1@free.fr,tTGJ60m
ahendersonn2@accuweather.com,JIO1GCWP
gwilliamsn3@fda.gov,j7GrQllub
kburnsn4@ustream.tv,LwKSL5sWQgKj
dharrisonn5@fc2.com,phVgQQ3
tjordann6@domainmarket.com,VELsXYER5k
jduncann7@dagondesign.com,TRLd4ghwLH3j
gwalkern8@smh.com.au,y7uvIAUWH3TR
sbelln9@yandex.ru,zQiVZxeJk
mfrazierna@nydailynews.com,A2r0j6btnf4A
swatsonnb@trellian.com,35oiPJZv
awellsnc@booking.com,CzJUFeDXdrJI
jlynchnd@go.com,Lfjya8Ugn
cgonzalezne@weather.com,kgSaRYZD
jsandersnf@weather.com,cJmZjzP
jporterng@pen.io,ubTy5fCpN
krobertsnh@europa.eu,11feVCJ
dpattersonni@vinaora.com,AMvuiW7KD
jwoodnj@taobao.com,sSy3jpYeGjf6
twebbnk@usda.gov,dxPjaEJmM1rH
rcrawfordnl@businessweek.com,MpdGn41
rvasqueznm@wisc.edu,DVwdSy7RXph
kgraynn@clickbank.net,U8DvHKBF76y
ppriceno@webnode.com,N7CHK9W
kgrahamnp@taobao.com,wIrFNPslkY
rjacobsnq@dedecms.com,ZGrGWS9i0Rs
jhayesnr@deviantart.com,oAQPXIuN0cGu
ksnyderns@ucoz.ru,OorE6kL
emasonnt@house.gov,1BTNqDe26
dperrynu@msn.com,6IFKn1A41
jknightnv@barnesandnoble.com,SxMFktduOqwe
tmorrisonnw@apple.com,DiU06P3Ut
cpetersnx@prnewswire.com,tef7oaa
dfisherny@dion.ne.jp,kYG38y
rperrynz@samsung.com,92AcN9L7A1iw
dfreemano0@yelp.com,QyfnPnm
erogerso1@bravesites.com,Rp3q5FSbYq
mgonzalezo2@howstuffworks.com,sLbIoPiTn2X
rsimmonso3@cisco.com,ZtRZ1BCjS2d
aedwardso4@shinystat.com,IAhI1b
mholmeso5@zimbio.com,30ONqNelXQ
psimso6@icq.com,XaR2PT
acolemano7@desdev.cn,NGJd6KmiMp
mreynoldso8@noaa.gov,WK0fBAJV1sKL
hmartino9@google.com.hk,c8ktz3vWV
efieldsoa@dedecms.com,NNS0gkFhxAV
twarrenob@photobucket.com,lZ3k6n
jkelleyoc@nytimes.com,3VxNfqSDU
jcarpenterod@umich.edu,VIEaRseF4Ip4
smccoyoe@ibm.com,OZCS0SqwUd
staylorof@jimdo.com,iK169Q
mgomezog@hp.com,VDBOww3
tmedinaoh@istockphoto.com,YUfEVXoSSG8
rellisoi@ameblo.jp,KGYBJZPv
bortizoj@oracle.com,FTCzJt8M
agarciaok@hexun.com,My7VZH
valexanderol@kickstarter.com,t5eA4s1F
wfernandezom@vimeo.com,03cgzHE4Cwr
mwrighton@oaic.gov.au,6D7dmjb
ejonesoo@cbc.ca,W84jVt
agreenop@weibo.com,IhT1YhsHOH
ewagneroq@1688.com,uGVrsoG
mgreeneor@reference.com,LO9n0rgm
rjordanos@amazon.co.uk,Msj2YT
ahernandezot@geocities.jp,ensP8iacLQU
blawrenceou@bloglines.com,H0v36zvf3
jpowellov@uol.com.br,eC8XY7Z4
rstevensow@google.com.hk,eVUP0a13
slaneox@abc.net.au,CCUNmsmr
bmccoyoy@mediafire.com,YHH3VdCyD
fortizoz@storify.com,lyIZNFmod
bboydp0@google.com,zcmnP8ZT
belliottp1@rediff.com,3JEiiWdfpK
brogersp2@rambler.ru,cNYeMmq
jburnsp3@aboutads.info,WtMK7Y
kpetersonp4@globo.com,eoY8ZVGN
mricep5@newsvine.com,b3QXZiCk
emoralesp6@ucoz.com,4K6Ad6e0H4b
egonzalesp7@altervista.org,PZrK4V8p
mtuckerp8@tripod.com,6nPpgF85z
dmoorep9@accuweather.com,gVJprvgDd3
jandersonpa@fotki.com,fFqvDmoD8
pdanielspb@google.co.jp,hpmt8m
apetersonpc@rediff.com,uaKSRu6F
dmorenopd@globo.com,bTWohMcn
shartpe@goo.ne.jp,YWV3pft
rharveypf@si.edu,NIZzL92JsOd
nhernandezpg@flickr.com,rJCltOdUxV
cburtonph@huffingtonpost.com,G7aEtQqvr7Y
speterspi@bloomberg.com,B9GTPkYtpDPM
jturnerpj@dailymotion.com,rWjaGPZZLOT
jhillpk@oakley.com,idnQH9c
aberrypl@weebly.com,LmVMMD
chowardpm@gmpg.org,Kx7biofXr
emarshallpn@delicious.com,fZcZHsB
bcolemanpo@multiply.com,Gz0z1x
handrewspp@census.gov,tEmspGaA
anelsonpq@ask.com,IcJCvTib94Bb
jsnyderpr@columbia.edu,DtpEMqS
dgomezps@slate.com,tIJy1tNK
jchapmanpt@mac.com,RA1ZafkfeOJf
rwoodpu@who.int,fseS8JzxV6
rgomezpv@hhs.gov,njhYh50vOTXx
rwashingtonpw@netscape.com,N4JFFi0IM0o
apeterspx@spotify.com,3BBjjD6M
htorrespy@360.cn,xA72zYoS9
ashawpz@walmart.com,pVQ3eujhfJMG
jharveyq0@ted.com,Mxdu8B
bhartq1@imdb.com,cqEToEWN
hburkeq2@google.ca,IoWwXeyCQlB
sfowlerq3@apple.com,s1zEw8
csullivanq4@moonfruit.com,CcvadcWfmS
driveraq5@ebay.com,bITObK0vh4I
ehowardq6@shareasale.com,3DiLdB1y0j6q
wmartinq7@comsenz.com,YrFGRhxtJCe
crileyq8@ed.gov,Yc9v2yTcO3
ltorresq9@mysql.com,0j9iuVVth7
cramirezqa@usatoday.com,R8rCtL4
rmoralesqb@4shared.com,EEh30P
lpetersqc@latimes.com,D5303kr0QFq
amatthewsqd@imdb.com,KXuKhZ
lhowardqe@bandcamp.com,AlytoShAgOn
wellisqf@who.int,PBXVaKuL84
jvasquezqg@tuttocitta.it,17AWp0Jrnc
alawrenceqh@1688.com,Y1UDSt
wwalkerqi@technorati.com,p99Kc0nqwL
lfordqj@github.com,30Sftiwa
hwilliamsqk@cocolog-nifty.com,AwgtWrQyq0iW
wsimmonsql@shinystat.com,V4gZT5eb
rreedqm@blog.com,BVKWgsHz5AXh
eharrisqn@si.edu,7lpnz6MQcM
cbrooksqo@indiatimes.com,JcGNHqNvHJ8
cmorganqp@typepad.com,yy5HDMBdn
ddayqq@wordpress.org,qv7aVPSDPQZ
harnoldqr@answers.com,423fbn663Hg
mrobinsonqs@icio.us,17zFK4
dreedqt@abc.net.au,o4K4wT1RTd
jjohnstonqu@disqus.com,w2s61rlPXY
ariveraqv@zimbio.com,fGbQa35B
ewagnerqw@mtv.com,noX8hHjf
ahowellqx@odnoklassniki.ru,MvOOChHGrq0r
rgordonqy@paypal.com,P1cwoXuCaIn
nriceqz@seesaa.net,gGpmViIw
dvasquezr0@vinaora.com,0WkPXZ9IpW
jbrownr1@netvibes.com,VdmdKw3P
mwelchr2@eventbrite.com,gmfyT5m
dfrazierr3@java.com,sJZNvr6lfu
skingr4@blog.com,HKLQIRw2kPR
dgreenr5@arstechnica.com,25NyxYXVgBr1
jbishopr6@patch.com,qja4Cmqi
swillisr7@yellowbook.com,JMaCjs
csullivanr8@google.co.uk,WIlhgfYky
dspencerr9@parallels.com,bHhElXC7L4d
nrogersra@statcounter.com,8UM2pvW5
anicholsrb@nps.gov,cwAYVE8
crichardsonrc@etsy.com,EIWRVLLCAe
tjohnstonrd@cisco.com,vlTY0BA
acollinsre@sohu.com,FwmZnEvptl
rperkinsrf@stumbleupon.com,YQQDta
afreemanrg@nba.com,6GkLAv
bbryantrh@hatena.ne.jp,uUBPCJM
rmorrisonri@accuweather.com,QbtJ7w
jwellsrj@seesaa.net,7NHLlMgy4
jpetersrk@seattletimes.com,U3JmHX1N5
cmillerrl@washingtonpost.com,laXw5tKoK0
wsimpsonrm@networksolutions.com,iCkS5KvWJ7
jbradleyrn@hp.com,6I5jxpMpiX
sharperro@bloomberg.com,x3a9JUk
glopezrp@etsy.com,cuAAzDJzSL
kvasquezrq@people.com.cn,ZIeU4L6
cberryrr@addtoany.com,x29UVJSpp
