1,"I'll input the wireless HTTP feed, that should firewall the AGP application!",2007-10-06 17:13:29 -0400
1,"You can't index the driver without transmitting the mobile RSS application!",2014-11-17 18:52:29 -0500
1,"If we copy the bus, we can get to the CSS firewall through the wireless SMTP pixel!",2011-06-15 21:51:54 -0400
1,"Try to transmit the HTTP port, maybe it will generate the bluetooth feed!",2006-05-24 20:08:52 -0400
1,"We need to hack the mobile ADP panel!",2011-11-30 04:21:20 -0500
2,"We need to quantify the wireless XML matrix!",2005-05-31 10:50:08 -0400
2,"Try to back up the HDD alarm, maybe it will synthesize the mobile protocol!",2007-07-16 03:34:57 -0400
2,"We need to synthesize the primary SMTP panel!",2012-05-19 05:49:44 -0400
2,"If we synthesize the firewall, we can get to the HTTP hard drive through the haptic CSS capacitor!",2008-11-13 16:58:36 -0500
3,"I'll override the open-source PCI transmitter, that should card the GB capacitor!",2014-02-16 13:32:51 -0500
3,"The SCSI capacitor is down, reboot the auxiliary capacitor so we can synthesize the FTP panel!",2011-01-11 04:23:15 -0500
3,"Use the back-end AI bandwidth, then you can calculate the auxiliary capacitor!",2010-04-19 06:18:13 -0400
3,"If we transmit the sensor, we can get to the GB driver through the mobile SCSI transmitter!",2010-06-19 21:27:48 -0400
3,"We need to input the back-end HTTP microchip!",2012-01-20 23:58:03 -0500
4,"If we quantify the hard drive, we can get to the CSS application through the primary ADP feed!",2006-02-18 01:33:53 -0500
4,"calculating the card won't do anything, we need to compress the wireless SCSI panel!",2008-11-16 23:56:21 -0500
4,"Use the bluetooth CSS capacitor, then you can hack the optical microchip!",2012-06-12 14:12:24 -0400
4,"transmitting the hard drive won't do anything, we need to program the cross-platform PCI transmitter!",2009-02-28 08:04:00 -0500
4,"We need to copy the back-end EXE feed!",2005-09-29 03:49:16 -0400