1,Bonnie,scoleman0@nature.com,nFnh45yIRa
2,Wilfredo,afernandez1@icio.us,YRHn1i
3,Dan,jyoung2@spotify.com,zwhoe94vA
4,Payton,malexander3@altervista.org,MFcNVWM5qCCj
5,Idella,jortiz4@yahoo.com,slyNdSK
6,Sabina,bmccoy5@alibaba.com,QRqqMbHCCjA3
7,Edward,asimpson6@mapquest.com,E0KhsFU
8,Johnnie,sgreene7@blogtalkradio.com,QjsUjlS
9,Randi,grivera8@bizjournals.com,gw44nirRyP
10,Bryon,blewis9@mozilla.org,jhrmKP468R
11,Marcella,kmendozaa@hud.gov,v9Udt3FU7OL
12,Narciso,tgriffinb@moonfruit.com,RCIzw3F
13,Keaton,jcarpenterc@alexa.com,J0EscN
14,Verda,ahilld@feedburner.com,YBl7awshww
15,Dee,sweavere@nytimes.com,GBEfdK
16,Joaquin,jfoxf@youtube.com,cfpFG6M8
17,Shemar,mmoralesg@cnbc.com,hxaoA5
18,Jayson,jwatkinsh@patch.com,mBhvzxN
19,Titus,jmorenoi@ox.ac.uk,Z34YHVFZYTHU
20,Dejah,jcastilloj@bing.com,wwe3Tbvnhp
21,Baron,griverak@twitpic.com,KZLH4qacCb7m
22,Gillian,aedwardsl@desdev.cn,R4fTCz
23,Maye,mlawrencem@exblog.jp,2oLdIl
24,Margot,jmurrayn@infoseek.co.jp,xU1IFQ
25,Vita,jpowello@mtv.com,svQgdY
26,Lucio,rcookp@liveinternet.ru,yTtz5Vwf3yE
27,Seth,cnicholsq@dedecms.com,VVQJkzae
28,Kathryn,mmcdonaldr@geocities.jp,usQ7pdQdFPZt
29,Jedediah,kwashingtons@e-recht24.de,Lmposa2V
30,Janet,blittlet@jigsy.com,CdbzKEdU6py
31,Antone,jmorenou@360.cn,TRBujum
32,Lane,rwardv@forbes.com,6YbOZ4
33,Erica,jhowellw@fastcompany.com,7RJ5VBj
34,Scarlett,marmstrongx@washington.edu,Qxo9L8S
35,Casper,jwoody@opensource.org,iApLtzRzBT
36,Maximillian,rmillsz@state.tx.us,EdKXCRjbN
37,Rossie,chicks10@friendfeed.com,IM42rbqzhH
38,Jared,sbishop11@nhs.uk,ssNozKtKe
39,Santiago,jbishop12@comsenz.com,OUNcqy
40,Napoleon,ajames13@microsoft.com,zp15tL3yu
41,Jamey,bgordon14@nasa.gov,tXAaj9jh9cWW
42,Jacques,jhenry15@usnews.com,vDt483jLJ
43,Edwardo,pmason16@ocn.ne.jp,w6QsGwToQr
44,Asa,jjenkins17@cam.ac.uk,e7MvreA
45,Era,dwells18@harvard.edu,N01ZZdwoQ1qu
46,Madisyn,rflores19@unesco.org,6tJLUzmf
47,Ole,pevans1a@hugedomains.com,V37icraC
48,Mateo,cwebb1b@fda.gov,FNvTaRhBh1L
49,Eliezer,jmorris1c@bluehost.com,QTIaqWgf
50,Talon,rlawson1d@jimdo.com,RX9iGKkSh
51,Carlo,tgordon1e@theguardian.com,enHMyGu5
52,Korbin,lbrown1f@rambler.ru,ozMX4BstXPrK
53,Arlie,aday1g@delicious.com,ANMrxyM2
54,Haleigh,rcarroll1h@yellowpages.com,gW26dg
55,Jamel,lphillips1i@merriam-webster.com,PWB8vi8q3wim
56,Torey,rmcdonald1j@cnet.com,AQLGc72f15
57,Hettie,scollins1k@imageshack.us,QbuQOwsdg
58,Malika,csnyder1l@guardian.co.uk,wHWjgl381
59,Tressie,jcruz1m@princeton.edu,CriLt78ou
60,Tyrel,rburns1n@vimeo.com,2Pif8H
61,Isabella,jwilson1o@sogou.com,vrdOdL3I
62,Clay,jclark1p@typepad.com,9daPZJ
63,Jerad,tdaniels1q@toplist.cz,HUYpgHx8
64,Maxwell,bmatthews1r@chron.com,qEFMxKMsAAUn
65,Geovany,cburns1s@t-online.de,UOs3jmW3Z
66,Lambert,aweaver1t@tumblr.com,VJBYT8xIt
67,Bella,wjames1u@google.ca,YQjXqSHcto
68,Amina,cstone1v@networksolutions.com,p746We7ZZpN
69,Ellis,lgonzales1w@nature.com,9hAHKDmwbK
70,Ross,dcollins1x@desdev.cn,2nMZ1W5Ve
71,Virginie,cpierce1y@photobucket.com,ivJZJJ
72,Bessie,mboyd1z@t.co,ziPLeDMET
73,Gregg,lgeorge20@istockphoto.com,OhKsAB2Mg
74,Nayeli,kcrawford21@reference.com,5iBYR3u18
75,Dalton,jbowman22@whitehouse.gov,TSw5HHx
76,Martin,amurphy23@tmall.com,T8SzA0s
77,Meagan,rmoreno24@hugedomains.com,Go2so5gjfgQd
78,Modesto,cgriffin25@washington.edu,zn0RlipvXY2U
79,Abdiel,esanchez26@devhub.com,rpyEenVKNh
80,Virginia,cjames27@seattletimes.com,UPOQytvjj2aO
81,Mohammad,swells28@ow.ly,WLxpPfpQr8B
82,Dolly,rharvey29@blogger.com,0IuMf76
83,Friedrich,jcarr2a@unicef.org,8oFwdoElea
84,Kelvin,hramirez2b@cyberchimps.com,z7BuOt4XTd
85,Josefa,mhernandez2c@weebly.com,uNDbmbOVv
86,Bria,dcox2d@hhs.gov,orJ16e43sm
87,Kennith,ccole2e@baidu.com,U7y0qduarAHt
88,Summer,cburke2f@uol.com.br,nXuYCDxE2Y
89,Brennon,cwest2g@intel.com,19nlD6
90,Noe,awest2h@paginegialle.it,liiSYkqfxo
91,Ova,bruiz2i@histats.com,y2BjOMGawu
92,Ansley,lwatson2j@etsy.com,Wdpy7Lg4wCF
93,Kenyatta,wprice2k@gmpg.org,6HlyrI
94,Rubie,rchapman2l@intel.com,pJWbCieFwox
95,Avery,awest2m@plala.or.jp,Fe1IfzNUADt
96,Elvera,scrawford2n@accuweather.com,djI61JVn5kZ
97,Britney,gpayne2o@wikia.com,FtWHurNduSI
98,Theresia,mgibson2p@jigsy.com,4Uj7bHi
99,Jordi,rcollins2q@disqus.com,DvRsj8dbiHw
100,Shanny,vpeters2r@last.fm,PktmVAnm
101,Eldon,arobinson2s@arstechnica.com,raoFrq
102,Mario,smitchell2t@home.pl,U7r207S
103,Sylvester,badams2u@miibeian.gov.cn,I46qfpFU16
104,Darrick,jhart2v@blogger.com,DK0nprs
105,Nikko,galvarez2w@facebook.com,tpdbfU
106,Mac,whughes2x@irs.gov,UQ00oJljTi
107,Paul,ahawkins2y@sogou.com,KOM0G3y0
108,Lorena,jwebb2z@ucla.edu,DFcAIqK4UPxO
109,Ewell,dchapman30@hp.com,0Gprboo
110,Hiram,rclark31@about.com,RfqFrVXw
111,Hilma,chernandez32@yahoo.com,7t1h5gRy2
112,Zachery,fharris33@drupal.org,eqxTqTLyyuP
113,Vern,gbailey34@mayoclinic.com,6vKqUJkzpKP
114,Barry,kroberts35@shutterfly.com,Qne2rfay
115,Simone,aellis36@bloglovin.com,9zmgtuMyu0
116,Maurice,jphillips37@google.co.jp,ahzoPBsJ57
117,Lenna,amitchell38@acquirethisname.com,cSqnpCz
118,Davon,ecarter39@columbia.edu,0JUPinB
119,Lempi,mlong3a@addtoany.com,BglTcYwoOf
120,Ocie,cfields3b@dailymail.co.uk,KiezIuT3q2z
121,Sonya,ctucker3c@drupal.org,tN0sgYlBjzI
122,Elbert,rrogers3d@cafepress.com,AeE1M4yNNXZ
123,Justina,lkelly3e@bandcamp.com,xLIziMr
124,Isaac,rriley3f@nbcnews.com,oOvLY8QIoJif
125,Carter,afranklin3g@wix.com,ADymHxpfeKr
126,Clair,mlewis3h@parallels.com,163tq1B3Hd
127,Braxton,rsimpson3i@com.com,DNUlylbj
128,Holly,bwashington3j@google.pl,RypjjS3So4T
129,Gino,swest3k@technorati.com,82fXQHpDh
130,Cale,areid3l@sakura.ne.jp,cwVrQsbl
131,Kali,dsullivan3m@odnoklassniki.ru,sujCP5GT3OOk
132,Graciela,jharper3n@berkeley.edu,oHZ5Dl
133,Jeff,gfernandez3o@mozilla.com,g1bykstu8Npp
134,Anais,mcollins3p@pagesperso-orange.fr,QG20uBHXZb9
135,Hassie,flawson3q@xing.com,Z6uD4cO
136,Robert,agardner3r@geocities.jp,cBi3Sa2
137,Sherwood,djones3s@ehow.com,OTe3IMGl
138,Zackery,jwarren3t@harvard.edu,QohuD3
139,Germaine,dstanley3u@spotify.com,IW9ft6qF9q
140,Myrl,crichardson3v@ameblo.jp,d6oj1d6
141,Katelynn,redwards3w@weebly.com,ooYXFNR
142,Gust,rthompson3x@noaa.gov,5AMkHvJYI74
143,Stephany,kmorgan3y@about.com,QMqcm180iCJ
144,Retha,jgonzales3z@4shared.com,4aF1dkqPyW
145,Makenna,dbutler40@examiner.com,OyUH0irMVOV
146,Kory,ssullivan41@phoca.cz,54lLzb1A
147,Terrance,ktaylor42@ovh.net,cc2UoyliYs2
148,Jacynthe,mmorgan43@wix.com,HRGYBTz
149,Ressie,kwhite44@vimeo.com,theTsTs
150,Felton,mdavis45@acquirethisname.com,oJvwD94
151,Jalyn,jharper46@wordpress.com,fZyUnRLq
152,Madaline,cwallace47@mediafire.com,4CtiyW
153,Enoch,gmeyer48@dion.ne.jp,72p9mnN
154,Prince,vhudson49@howstuffworks.com,M7PY2xg1EC8L
155,Damian,jburns4a@telegraph.co.uk,fNOSS8
156,Christy,scastillo4b@yale.edu,2h6V5cBx7
157,Ransom,jschmidt4c@narod.ru,v8Ep8iR9ywY
158,Dimitri,jwarren4d@imgur.com,17AQxQYx89
159,Clemens,pgreen4e@mapy.cz,HMPoSU2XgFDD
160,Vance,kanderson4f@google.nl,MhGFsnxj
161,Mckayla,hryan4g@sina.com.cn,F3MCDnOM
162,Jadyn,gcarter4h@e-recht24.de,XI5djD
163,Marcelle,rhart4i@domainmarket.com,mXGPHF
164,Sister,nwarren4j@businesswire.com,XtHbsatWTOz
165,Troy,wadams4k@businessinsider.com,opyJdnWGVJ
166,Ardith,amartinez4l@intel.com,5tOTRtX
167,Trystan,spatterson4m@angelfire.com,fcR27FXuX
168,Rahsaan,triley4n@ebay.co.uk,kPNOuDf
169,Vergie,mross4o@unc.edu,B0bUnIMp
170,Taya,pwoods4p@storify.com,3j6qQYjz
171,Reece,mgarrett4q@prnewswire.com,VQT6oKO1
172,Malachi,chall4r@umn.edu,0tRnKLS4Wxco
173,Salvador,bvasquez4s@yellowpages.com,r6XZ5TFM
174,Hulda,vgreen4t@weibo.com,9QncHe6
175,Aliyah,barmstrong4u@ed.gov,xkkRei1KIJp
176,Sadye,ajacobs4v@amazon.co.uk,RMGf5b9Yc2
177,Carlotta,wboyd4w@who.int,MBCq5KY
178,Easton,kgriffin4x@craigslist.org,nAjmpxNX7
179,Marty,hkelley4y@yahoo.com,jKYiOC
180,Dusty,ncooper4z@shop-pro.jp,zS5EFdhSneS
181,Bettie,jmorrison50@eepurl.com,3jzwdRlII4hw
182,Pink,afields51@google.com.au,6VekLY9
183,Domenico,rreynolds52@godaddy.com,FJvapStcd
184,Cheyenne,cphillips53@ted.com,tQSc9WLWWnXs
185,Vida,jmartinez54@angelfire.com,XTOI3jl
186,Margarett,ebailey55@blogs.com,Zdih9g
187,Martina,brobinson56@un.org,dA3mrlW
188,Candido,dsmith57@ca.gov,bkUZhXGSe
189,Alize,plewis58@mozilla.com,G3XlGX
190,Helga,jgonzalez59@deliciousdays.com,u6C0qTq
191,Cedrick,jfranklin5a@ftc.gov,IKX1DeSJN
192,Aiden,mbell5b@slideshare.net,HA3Y1d
193,Vivienne,jburke5c@ibm.com,dKs5c8jear
194,Jamaal,jmeyer5d@fema.gov,LZIuoUWeItR
195,Misael,rhart5e@bloglovin.com,JJdskGY
196,Burnice,bday5f@clickbank.net,rlUaBZ
197,Devon,bnguyen5g@businesswire.com,3HOWfi
198,Wilbert,brose5h@hubpages.com,c9sBXpV
199,Maymie,pwebb5i@tiny.cc,g0ETIpYcV5U
200,Rolando,dmccoy5j@state.tx.us,kz8sf8X0nku
201,Lexi,achavez5k@weather.com,4xrN6TQlVXAm
202,Chyna,wking5l@nifty.com,VKcVuVUhYF8
203,Gordon,swashington5m@telegraph.co.uk,bqEQeBlni
204,Gaston,jarnold5n@mac.com,Y2Nw1JvMUCwp
205,Margaretta,mtorres5o@spotify.com,UbM1XLrUrvL
206,Adan,hreyes5p@npr.org,iPEi75LDJO
207,Marcelina,lhawkins5q@princeton.edu,4DQRBejJhIw
208,Audreanne,pduncan5r@nsw.gov.au,eguquxrnUbuo
209,Claire,sgonzales5s@xinhuanet.com,lLZLQgop3Wv
210,Delores,ccooper5t@cnet.com,kOo3y3Pt
211,Marian,cthomas5u@devhub.com,Z5kgFt
212,Sam,rmoore5v@prweb.com,UESlg7ih
213,Elna,lrice5w@spiegel.de,mHCPnw2
214,Jakayla,ayoung5x@adobe.com,3xojCG2
215,Elliott,mhansen5y@tamu.edu,8KqMVi
216,Jace,bburns5z@tamu.edu,mpLRkb
217,Cielo,mperkins60@tumblr.com,2x2YJTP50xo7
218,Jeanie,sreed61@wufoo.com,wLlgUe
219,Ignacio,krussell62@eepurl.com,Y9kWmu4A9
220,Cyrus,gbishop63@booking.com,VIbVyoSK
221,Porter,jmason64@4shared.com,NNOqOLos2C9
222,Otis,smorales65@infoseek.co.jp,UPSx5vj3Pcoe
223,Chanel,msullivan66@nature.com,9sLGRre
224,Matilde,jfox67@prnewswire.com,NCaOEqv
225,Bradford,ahunt68@issuu.com,ex9Vrl
226,Eladio,wcooper69@networkadvertising.org,oUkV81L5f
227,Modesta,marmstrong6a@wikia.com,kr5TlYY
228,Alex,kwagner6b@dion.ne.jp,2AVF4JxcRSto
229,Lincoln,nking6c@google.co.uk,0vBXGM
230,Camila,dchavez6d@studiopress.com,rotGZg6hpNKt
231,Wendell,msullivan6e@edublogs.org,dVeyotLKSLq
232,Amir,jelliott6f@nih.gov,6BHEOfv
233,Gwen,ecarr6g@webs.com,sXceiSdY6Gq
234,Mariam,jsanchez6h@mit.edu,kIeOXR
235,Libby,mfreeman6i@behance.net,nvMMNnDIF
236,Francis,mfrazier6j@fda.gov,KjTz9Jrw
237,Javier,thill6k@hud.gov,gPxqUaJI
238,Felipe,scastillo6l@t-online.de,0CXiAIe
239,Lisette,canderson6m@tumblr.com,p7MaKU2hp
240,Sarina,lmedina6n@prlog.org,st3UsjQuqE
241,Harmony,acunningham6o@last.fm,DmS5O6nOrXtW
242,Desmond,dhanson6p@mtv.com,ZQDwrH
243,Celestine,hhenry6q@stanford.edu,ED1YQIahB0X
244,Minerva,sboyd6r@cyberchimps.com,5VWbbTyB4e
245,Alverta,dgriffin6s@google.ru,RLMaMk7sPv9
246,Eryn,blawson6t@skype.com,ZVJGPsoOi
247,Neoma,jbanks6u@smugmug.com,ojcbYiXmYw
248,Leonel,aphillips6v@businessweek.com,62335RIz2dDu
249,Baylee,eharris6w@squidoo.com,81mY2BRM9qUF
250,Golda,gparker6x@symantec.com,EREGlehB
251,Evan,pkelly6y@aboutads.info,VGO6CEZSpds
252,Monserrate,wjacobs6z@ft.com,Xl1JemxBpr
253,Conner,ncole70@mysql.com,R2fsExrlkBr
254,Zander,rgarcia71@dailymotion.com,1BfAQwwUUTCx
255,Gerry,cowens72@alibaba.com,hoa7qjRQ
256,Malvina,sellis73@rediff.com,yxhonp
257,Harley,lrichardson74@github.com,XnKoXvXOk
258,Genoveva,dmcdonald75@ow.ly,IlFSTnLnUzj
259,Arely,mhamilton76@flavors.me,vYdyDl
260,Winona,awheeler77@huffingtonpost.com,hXzIdmWy65Ta
261,Laron,amurray78@scribd.com,ppB3BOJU8
262,Euna,rcollins79@hugedomains.com,Onyms0K4FJ
263,Ashton,nsullivan7a@posterous.com,nN57Rc58
264,Valerie,dcunningham7b@cdbaby.com,nQdO8oqNB
265,Muriel,jwood7c@whitehouse.gov,SD9VIldIC
266,Arielle,ssimpson7d@spiegel.de,XpAM1qMr
267,Harmon,sbryant7e@surveymonkey.com,sy8CkSXcMp
268,Lacey,msimpson7f@youtube.com,YG5YCWF1qq
269,Lucious,cramos7g@domainmarket.com,tWFF7Q
270,Kellie,agilbert7h@fda.gov,buQXLbkrw3
271,Andy,tford7i@weibo.com,s8mNNi
272,Vena,nmorales7j@simplemachines.org,QkYjkeFL
273,Brian,jcole7k@unc.edu,VG9NcsTP1SEz
274,Christiana,acrawford7l@qq.com,Gk5M7EK7
275,Michele,pcruz7m@surveymonkey.com,Nx9zWWU
276,Mona,blewis7n@github.com,xB8GWQquR
277,Kenny,lberry7o@behance.net,5NOkl4
278,Osborne,arogers7p@tuttocitta.it,gCmDE0Y
279,Norwood,arogers7q@prnewswire.com,VxnxTNa9A
280,Jevon,bharvey7r@google.de,2DtJAlnC
281,Hudson,aberry7s@biglobe.ne.jp,VMi07hj
282,Aurore,fcollins7t@a8.net,xUpcoMneK
283,Adriel,rmason7u@ihg.com,u9AVCOGy
284,Alana,rwagner7v@studiopress.com,E5ssVG1
285,Vincenza,dpierce7w@samsung.com,T3PilKvtz
286,Rhiannon,mjames7x@csmonitor.com,BA2RzKuj7
287,River,thoward7y@so-net.ne.jp,bLGjwA
288,Jaylan,abaker7z@clickbank.net,ds8xIdN7r1R7
289,Cathryn,gblack80@xinhuanet.com,RVPyp87b
290,Annette,mhamilton81@cbc.ca,vZGwbmUa
291,Candace,apierce82@abc.net.au,jfbfDkehn
292,Minnie,pnelson83@comcast.net,y0Sflbc6OlXy
293,Dorcas,mvasquez84@wufoo.com,13DdmO5i60
294,Leta,mschmidt85@fema.gov,Um9MXK1d903
295,Wilber,aellis86@weebly.com,H5xRvwaL
296,Edgar,cpalmer87@epa.gov,xMSM3aBDL3aY
297,Kamren,cfuller88@phoca.cz,ElczhcZFcq
298,Mathilde,pstephens89@pcworld.com,NYmP10
299,Charlotte,wwheeler8a@gnu.org,NnEaqe
300,Mable,ckennedy8b@noaa.gov,lQCjR9dL7iV
301,Nia,lmason8c@nifty.com,p9y0PKjwd
302,Dominic,aortiz8d@quantcast.com,2CYEDlQiCP
303,Lilla,sjones8e@indiatimes.com,KPQlT1c6V
304,Blaze,acole8f@google.com.au,5r0EehM
305,Eliseo,mpayne8g@tmall.com,AA6NWEA
306,Leola,srichards8h@amazon.com,CTKze1
307,Cecilia,hgraham8i@list-manage.com,yqt78M
308,Franz,sburton8j@cpanel.net,dE1TpXnc61LO
309,Daphne,sphillips8k@redcross.org,7nxO2dSeWqC
310,Merlin,druiz8l@last.fm,cTSb3iwEwY6
311,Ashleigh,kburns8m@istockphoto.com,BAKee0wIQ
312,Barbara,athompson8n@businessinsider.com,Xo3gprDh8ok
313,Cory,nmoreno8o@t-online.de,Kr9W8ovpPA
314,Susanna,dmoreno8p@princeton.edu,Iim43C2P
315,Blair,cmorris8q@csmonitor.com,hUopE4HizUn
316,Ernestine,amartinez8r@dailymail.co.uk,ybKk62FQ
317,Gisselle,ithompson8s@deviantart.com,hbiLlNUGg
318,Maryjane,ehamilton8t@wisc.edu,for1rvWMHA
319,Cassie,dmartin8u@sogou.com,aBLvC65s
320,Nyasia,rmorales8v@alexa.com,Xz6R6qU6Jxx5
321,Rosalinda,csnyder8w@wiley.com,dZPmk46
322,Jamir,aking8x@unicef.org,CDdN9Tcm
323,Lea,emyers8y@typepad.com,PzuzWqV
324,Laurel,gday8z@wired.com,38W45gLSD
325,Loyal,lharris90@gov.uk,TThyGDjiqwde
326,Elena,bperkins91@clickbank.net,5y6PXZYFs4
327,Rhett,pmartinez92@yellowbook.com,igVraA
328,Armand,bcastillo93@apple.com,ejK5e3
329,Alberto,nsnyder94@gmpg.org,ZnEyCky1E
330,Willie,dchavez95@engadget.com,v6LCNkSRlp
331,Timmothy,ralexander96@adobe.com,1h4aAuHx
332,D'angelo,jalexander97@cbsnews.com,XD3k3fJ1ZH
333,Marley,aharris98@altervista.org,7sYCHd
334,Shannon,wstephens99@blinklist.com,D99pQ8nM9
335,Florine,fward9a@sphinn.com,0av3DsX8w
336,Theo,jburke9b@geocities.jp,3uCndfYUDde
337,Horace,hsimpson9c@patch.com,b2DWZo
338,Gunnar,estone9d@epa.gov,nWT7Up9OxT0
339,Penelope,radams9e@tuttocitta.it,fD3wi1
340,Bruce,ehudson9f@webs.com,sRmPbdnEQ
341,Clint,brogers9g@wufoo.com,9zo3AooSwTjL
342,Tania,mgilbert9h@mediafire.com,r9BKa8siknW
343,Lily,kstewart9i@angelfire.com,uBrEt7ErV
344,Ida,sdunn9j@i2i.jp,CpioVln
345,Terrence,nmeyer9k@pen.io,cnW1iQo
346,Cydney,adunn9l@friendfeed.com,g4eVrt
347,Hilario,ljones9m@deliciousdays.com,kxdhaqVmP
348,Agustina,mburton9n@tamu.edu,XUQgSKfZk
349,Christophe,emiller9o@soup.io,qVixZhjUEf
350,Wava,cfrazier9p@vinaora.com,Q1ulJ3UG1A
351,Ben,cadams9q@virginia.edu,dZrKkcM
352,Ona,ckelley9r@goodreads.com,mEABSXK
353,Bobby,rburke9s@bizjournals.com,onDyPlJ1IroE
354,Berenice,kscott9t@google.it,bY8cka56
355,Eveline,dcruz9u@cbc.ca,M0NTFPy
356,Berta,acastillo9v@google.de,CsyLU3gTD
357,Stewart,rphillips9w@nps.gov,TP3vLzOONOAW
358,Aletha,jellis9x@devhub.com,rZ6bJE6UviAV
359,Bill,bhill9y@narod.ru,KF9L35
360,Dannie,kkim9z@symantec.com,DzrumzKivoH2
361,Bonita,mbanksa0@xrea.com,wDVolkD3HpF
362,Beverly,ireyesa1@yandex.ru,FncY3b5zrNl
363,Abel,srosea2@tripadvisor.com,76vZDWR
364,Camron,lgarretta3@dedecms.com,2L6JvX
365,Tiana,wrichardsona4@biglobe.ne.jp,maDOqY
366,Murray,jmartina5@dot.gov,RW0s5ZFw
367,Barton,bmorrisa6@deliciousdays.com,ibojaz2r
368,Marc,afernandeza7@hostgator.com,QEzktGc
369,Deven,sholmesa8@jimdo.com,TC7lv4kxs
370,Demarco,sstewarta9@imgur.com,kI49mjx8NPR
371,Anastasia,jellisaa@examiner.com,It5jf5
372,Hannah,sperryab@hhs.gov,26XKpsI
373,Shane,ksimpsonac@lulu.com,VIAVn9w6U
374,Jed,selliottad@printfriendly.com,sxAdIY
375,Bennie,pfosterae@woothemes.com,1V8mE7ws4I
376,Callie,lbrooksaf@google.fr,GcN4Q6D2yE1
377,Raegan,jpriceag@auda.org.au,jMxbbxKflkCU
378,Maybelle,rfernandezah@salon.com,oHR8nlUz5
379,Tara,mgriffinai@aboutads.info,OWNeDzi2m9
380,Brooke,jwoodsaj@flavors.me,9WSWr6b
381,Trevion,mrussellak@huffingtonpost.com,OmWtefAbK
382,Rosie,mrobertsal@purevolume.com,bB5D8v
383,Alysa,sgriffinam@go.com,x6wz2u
384,Gaylord,wcastilloan@cargocollective.com,JNFvuahjXq
385,Reggie,pbakerao@uiuc.edu,UR8XEWhlY
386,Madison,lfrazierap@statcounter.com,8QqozZo0
387,Wyman,rbryantaq@goodreads.com,BicQC500TJj8
388,Jamal,kmitchellar@unblog.fr,yVXbWwJzWKC
389,Geo,jgibsonas@nih.gov,H748R7QeMML
390,Halie,acampbellat@answers.com,2cOhXk3r
391,Izaiah,tmorenoau@unblog.fr,NftScVHs6
392,Chadd,bwrightav@google.com,PcTk00Oh
393,Sonia,ktorresaw@vistaprint.com,f0Y6LEtM
394,Donnell,mhudsonax@dmoz.org,Na24PRjohzFq
395,Shaina,gfosteray@nifty.com,amWtktDfw
396,Evert,gwheeleraz@a8.net,uYrslchxbX
397,Lora,mmendozab0@unesco.org,i2nw0c2xK7
398,Tyrell,pwarrenb1@hubpages.com,VgaNdov86zV
399,Meghan,scampbellb2@desdev.cn,WyEk4JWcjY
400,Delta,jlittleb3@yahoo.co.jp,CY4o6pEa
401,Hobart,lhughesb4@etsy.com,AHXDzW
402,Madalyn,swhiteb5@webs.com,HVuSbJjkjuc
403,Jessika,jduncanb6@hubpages.com,ZMfKGGpymN
404,Hyman,jmeyerb7@tripod.com,2H0AWUb
405,Seamus,hchapmanb8@ucsd.edu,piBjPRMJ
406,Vilma,agrantb9@delicious.com,nyzchN0lK9
407,Jakob,hknightba@parallels.com,QUEqlXvwJ9Yb
408,Brown,jbryantbb@mozilla.com,IAuB2jxazTr
409,Anika,dmorenobc@bbc.co.uk,E93WZxA
410,Kendrick,hreynoldsbd@soup.io,6ZviC6
411,Tamia,lhenrybe@army.mil,0V1FI9ktIdC7
412,Garnett,ewardbf@ihg.com,FuJnnZUAd
413,Brenden,jlopezbg@ezinearticles.com,n0W356r8aRLH
414,Morgan,hmedinabh@xinhuanet.com,F0zRmEwCGG
415,Roel,ballenbi@unc.edu,XZ8GujKSb
416,Judge,jpaynebj@mashable.com,4RjFV3nP7dR
417,Edwina,pmarshallbk@army.mil,13QtSI4w4z
418,Deshaun,jmendozabl@huffingtonpost.com,GxAea8
419,Janae,sdixonbm@nasa.gov,zgyEsG8
420,Cristopher,rmillerbn@acquirethisname.com,5v2wDWs2c
421,Zack,jharrisonbo@is.gd,cdrAhtg0t
422,Skyla,smoralesbp@usgs.gov,gZUq1K0Z
423,Arvilla,fgrahambq@livejournal.com,IHtw1ilFA0mE
424,Kailey,tbryantbr@oakley.com,MJn0Rw
425,Ed,ifernandezbs@hubpages.com,Fuzyj3kGls
426,King,nthompsonbt@umn.edu,aTr5E58rHwdk
427,Alessandro,agreenebu@t-online.de,5zZyHqz
428,Ervin,pedwardsbv@usnews.com,aVU6QfJY
429,Santos,rkingbw@creativecommons.org,wDc8oAcLHyxj
430,Savannah,trobertsbx@google.com,kvegxKcjW
431,Gavin,blynchby@eepurl.com,KBLS68ePw
432,Nicolas,ggrahambz@myspace.com,xwb9teZP7c
433,Kaelyn,ecooperc0@bigcartel.com,H5Vqcb
434,Eugene,cpetersonc1@xinhuanet.com,JxlDNKbC7A
435,Gustave,rblackc2@t-online.de,Prnq0BqcZ
436,Fredy,bwatsonc3@rediff.com,O52OUdp
437,Brice,ahansenc4@thetimes.co.uk,TaEUJkPymjl
438,Santa,dshawc5@naver.com,g6g166d
439,Elwin,pfreemanc6@wikipedia.org,8hFbdZ38
440,Madge,wrodriguezc7@nytimes.com,TYycCSnBB
441,Christelle,lcolemanc8@google.com.br,ZGLpZsp
442,Isabelle,agomezc9@discuz.net,WjYGLAix
443,Phoebe,lhallca@skyrock.com,UKvNOHHnIW
444,Bryce,freidcb@storify.com,qxCuJej
445,Norval,dgarrettcc@github.com,HflhdSRXL
446,Chasity,aarnoldcd@prnewswire.com,Rk6YUc0TV
447,Jacklyn,vfowlerce@shutterfly.com,nB8L4LVNL
448,Skylar,jhowellcf@nba.com,4QqGo1yxWll
449,Jena,lharveycg@state.tx.us,JqqAVF2Jxl8
450,Turner,agarzach@discovery.com,TRho183EQFf
451,Louvenia,jwrightci@hibu.com,sPCs4OjFQ
452,Brandi,ematthewscj@w3.org,qwucyRYQFX1
453,Adele,sevansck@arstechnica.com,d6wWBrtbI
454,Anastacio,wfishercl@youtu.be,y9IitvwE39J
455,Liliane,gwatkinscm@ca.gov,Wdi1Sy5DkP
456,Lucas,hcolecn@unicef.org,NnM8SsxVK
457,Kraig,jnguyenco@soup.io,nafpcBV
458,Providenci,jchapmancp@bravesites.com,2iWEecgMoB2
459,Karli,vturnercq@hatena.ne.jp,W8gHiXZiVkA
460,Urban,cmurraycr@weather.com,CoMnSi0IqBIR
461,Eleanore,jmoorecs@mac.com,RBn5Lx
462,Schuyler,staylorct@ox.ac.uk,RLsHin
463,Reese,ssullivancu@soundcloud.com,1hh6w4zi
464,Nathaniel,acartercv@vimeo.com,wxCzrpAh4Q
465,Collin,lweavercw@columbia.edu,WkkmAYDXy
466,Bryana,jmyerscx@statcounter.com,C958LLiWeSZd
467,Jessyca,tgordoncy@4shared.com,daZOXg8x8Rm
468,Amani,pryancz@dagondesign.com,7KDLHridbkek
469,Serenity,llynchd0@quantcast.com,AqJdRHMqjO9c
470,Larry,ehalld1@usda.gov,0Vl4fkQwA
471,Cordie,dstanleyd2@washingtonpost.com,XDRjErCBa
472,Mayra,parnoldd3@cmu.edu,zdZkhFB9
473,Sylvan,coliverd4@wordpress.com,nKAatslMsSL
474,Furman,hryand5@linkedin.com,bkwmCJYcl
475,Cora,bellisd6@cbslocal.com,fd7nGZr0
476,Major,ckennedyd7@goodreads.com,BfMUNBzs
477,Florence,ahamiltond8@free.fr,eqkpDXB
478,Enrique,afoxd9@mail.ru,SiaWEB9UiZ1m
479,Elisa,ahughesda@java.com,eJSLmNHw7
480,Linnea,rlarsondb@discuz.net,dJgnuRUujWQ
481,Laura,rblackdc@nba.com,8MKvtmnW
482,Larue,kjonesdd@newsvine.com,4cOyZqGUZh1
483,Cade,kjohnsonde@hibu.com,L7mA8Q1
484,Nicolette,sbarnesdf@gizmodo.com,vNhz8zCx3
485,Melvin,rtorresdg@mediafire.com,J1zh2G
486,Marcellus,tfieldsdh@xing.com,9OpZU7gZN
487,Charley,dramirezdi@yelp.com,OqX5Lxt
488,Vallie,estanleydj@prnewswire.com,Dpsez5G05mi
489,Reva,mbowmandk@joomla.org,FmoJefL
490,Jaleel,mlawsondl@netlog.com,UCRvYn2peD4
491,Max,mpaynedm@hhs.gov,0MSj04s1KQUH
492,Lavinia,mspencerdn@feedburner.com,tt1vO5z
493,Lyla,cgriffindo@diigo.com,wqFeiXmPC
494,Maggie,nhawkinsdp@1und1.de,TNfV1sCyS
495,Sidney,lwoodsdq@hp.com,t5uPs573mY
496,Demario,ggrantdr@wordpress.org,bIHfateIU
497,Garland,talvarezds@com.com,mnlamwA
498,Art,dchavezdt@geocities.com,F6t2hm
499,Charlie,cweaverdu@usnews.com,BrykYS
500,Alberta,anicholsdv@sciencedaily.com,87P6IcuuM8nm
501,Sammie,rstonedw@instagram.com,PeGPEuuwqBN
502,Austen,rmurraydx@printfriendly.com,TbWiUwXl
503,April,asimsdy@prnewswire.com,p9INQfU
504,Krystal,hweaverdz@state.gov,Vpxh39XFWl
505,Abdul,pberrye0@blinklist.com,0KUuaiGTlBP
506,Dave,jduncane1@mozilla.com,qp0JdDh
507,Janessa,ljamese2@smugmug.com,8jngX4QffZms
508,Ryley,mrodrigueze3@blog.com,adT1C0sa
509,Joesph,tcolemane4@hp.com,mJWx9Ojc1
510,Cole,awillise5@marriott.com,6neScit65wYj
511,Mercedes,kellise6@nba.com,ZSDWpa
512,Sid,areynoldse7@github.com,iKVUh9OWLcs
513,Coby,hbrowne8@chron.com,Omam3ZlCG0Q
514,Mckenna,rforde9@wsj.com,CRXZPZb
515,Chelsie,edunnea@parallels.com,aDyRuqx
516,Mckenzie,tscotteb@github.io,9lyOHS
517,Giovanna,dvasquezec@ameblo.jp,QPjqibh
518,Rigoberto,tolsoned@bbc.co.uk,qTTuuLPb2X1
519,Margret,sperezee@dropbox.com,OW9xZMXZo
520,Emery,ccarteref@ted.com,YujIFdQpuaI
521,Rosario,bwagnereg@bandcamp.com,d5EfNIGeMKe
522,Ena,mfieldseh@de.vu,xn4wY9nX1S
523,Kaitlin,wyoungei@chronoengine.com,HWjpDAD11n
524,Nick,balexanderej@amazon.co.jp,zRmYgyB1k7nT
525,Pete,sgrahamek@omniture.com,pXmvO2m8l5
526,Hershel,taustinel@usatoday.com,C5v8kV72
527,Opal,aramirezem@nps.gov,DlQJq7
528,Roderick,jwrighten@cdc.gov,XbBoXNm0a
529,Cordia,lgomezeo@telegraph.co.uk,yE2Wthz
530,Gilberto,kdanielsep@time.com,vL39ldS49O2
531,Danyka,sshaweq@yellowpages.com,4DsAu0xsXOX
532,Sammy,sjacksoner@deliciousdays.com,Hmx78oZENCQ
533,Cassidy,erosses@opensource.org,4dqwQAwUqq
534,Ilene,dmillset@deviantart.com,ZKNJafDv5H
535,Patsy,awebbeu@walmart.com,JLHALXIt
536,Pierce,kcarrollev@nhs.uk,T05m2L6mMTQn
537,Luther,ncarrollew@homestead.com,zH99m0
538,Ellsworth,pjordanex@pbs.org,ezJTYI4
539,Brendon,rroseey@theguardian.com,C008nBK7d18v
540,Golden,gandrewsez@archive.org,NFgTWJofHQfZ
541,Orville,jsimpsonf0@histats.com,pnanJ235XnV
542,Lavina,ebaileyf1@de.vu,WfNRQVfMJm
543,Nina,jgordonf2@oaic.gov.au,wePNLxCdvm
544,Alfredo,rharrisf3@about.com,oKMRaYaT7
545,Eric,hwardf4@timesonline.co.uk,4jsYFprZh2
546,Deangelo,jhowardf5@diigo.com,tqgI4Mpbc
547,Chanelle,cbanksf6@parallels.com,PjXff7g
548,Liana,dharrisonf7@mayoclinic.com,Rm32Bjt
549,Jonathan,mbellf8@qq.com,1Yj9bIUhoiGh
550,Telly,wwheelerf9@fc2.com,pwkWalfiGNU
551,Cassandra,jellisfa@google.com.au,pUHHBuDS
552,General,jwrightfb@kickstarter.com,EHC1m9Onui
553,Zoie,promerofc@imgur.com,ZLh4wP1
554,Ralph,rdanielsfd@java.com,0Rs6iydLl
555,Casandra,sriverafe@chicagotribune.com,G6SusIX
556,Meta,jmooreff@macromedia.com,lEqyjr43t
557,Laurianne,jmorrisfg@themeforest.net,zPQkXPmMD
558,Elmore,rwarrenfh@bloomberg.com,cQcyqN
559,Gunner,awallacefi@umich.edu,A1ddwh
560,Zion,jthompsonfj@shinystat.com,crNhnNC
561,Gabriella,mdiazfk@symantec.com,jp28lt
562,Amber,jgordonfl@merriam-webster.com,TKHIpCeEo
563,Benny,acollinsfm@nymag.com,tL0SYjoai
564,Cristal,pkelleyfn@blogs.com,rl4zkyoWI
565,Elta,wmorenofo@people.com.cn,xSgvEa61Kp
566,Leanna,pharveyfp@techcrunch.com,9rGPgcGkBm2
567,Jermaine,amillsfq@tamu.edu,M1RRlt
568,Emiliano,eandersonfr@redcross.org,JVIFeQWk
569,Stephon,tstonefs@webmd.com,iTn3iby
570,Emanuel,areyesft@marriott.com,JSwPJxAP0UE
571,Richard,shernandezfu@instagram.com,BcDSTV
572,Verna,rbutlerfv@shop-pro.jp,pm6XGjG7X85
573,Weldon,mlittlefw@jigsy.com,iKlSvKv2vYy
574,Sydni,lpattersonfx@pbs.org,h1u21zz1
575,Ethel,jjohnsonfy@canalblog.com,7dzNNzpUCOf
576,Curt,ssnyderfz@posterous.com,ARhThKZO9
577,Bell,jhawkinsg0@answers.com,cYxOSOLoVP
578,Alessia,ewrightg1@networksolutions.com,bgKF25xqXna
579,Bernice,dbanksg2@youku.com,uVqk5hE0Lt
580,Natasha,kryang3@myspace.com,iH3in0WMSgmk
581,Kole,pgomezg4@naver.com,uexpLxk
582,Coy,dwarreng5@chicagotribune.com,UAoW3Dw
583,Waldo,ewallaceg6@yellowbook.com,AlRpUJW
584,Karolann,bturnerg7@i2i.jp,kkHvFDoC
585,Dayana,ghendersong8@apache.org,bNRQEB
586,Damon,kwardg9@people.com.cn,ygPeWzx
587,Faustino,wfisherga@msn.com,I0guem
588,Ryan,aandrewsgb@symantec.com,Ag0JMSePmD
589,Rosella,fhillgc@wordpress.org,ErDnvL5X81
590,Harry,arossgd@youtube.com,PuGYA4Pye5sr
591,Floyd,jburnsge@prweb.com,Pf3mkdh7MHF
592,Melba,athompsongf@qq.com,sQ28uAre2
593,Alexis,kmillsgg@jiathis.com,OAqlVCjW
594,Yasmeen,twhitegh@theglobeandmail.com,ekYzeuafwp
595,Justyn,mfostergi@bing.com,d876GKeWM
596,Mortimer,dramirezgj@netvibes.com,EtlqNwv
597,Sadie,stuckergk@epa.gov,Fi5Js3
598,Angelina,sgrantgl@yolasite.com,9dabKxBfl
599,Velda,arichardsongm@irs.gov,WMhgfQutV
600,Mathew,mfergusongn@stanford.edu,ITeEEKdIA
601,Nikita,dhudsongo@qq.com,JZQoWy6E96kt
602,Fleta,chayesgp@weebly.com,xl057RfG0se
603,Faye,gaustingq@nydailynews.com,aHfxLkT1
604,Irving,dhawkinsgr@surveymonkey.com,wxmWoAGgQ
605,Jasen,dcollinsgs@so-net.ne.jp,ZdUPtNVG
606,Zechariah,kcunninghamgt@java.com,m7SkbDl
607,Luisa,cperrygu@spiegel.de,iekESGPMXkuE
608,Evalyn,mgomezgv@indiegogo.com,zUNx4o
609,Enid,dwoodsgw@sohu.com,oeZUJSvA
610,Jesse,dreyesgx@google.ru,AhHmakKY
611,Joey,amoralesgy@arstechnica.com,rDNlAE3W
612,Garret,jbakergz@samsung.com,BVsHSkul0N
613,Katheryn,dmillerh0@arizona.edu,ms5spH
614,Winston,dbarnesh1@bluehost.com,9HIFB6JijlA
615,Trent,drileyh2@goodreads.com,eEbW0HG
616,Magnus,fcolemanh3@ifeng.com,jalg4EULzjlj
617,Delaney,mryanh4@weather.com,FhnaifvScIw
618,Terrill,rgrayh5@mail.ru,PksBDnD
619,Aniyah,dwhiteh6@geocities.com,aqTQzcd
620,Reba,esandersh7@dropbox.com,99dgKc7sx
621,Gerald,chenryh8@shareasale.com,5O3pGMo
622,Jessy,rhillh9@zimbio.com,XHdxUy0
623,Grayce,gmartinezha@guardian.co.uk,X6i6Gh
624,Dylan,ndiazhb@discuz.net,wN7OHVxBOIGe
625,Tre,gbryanthc@nsw.gov.au,UxHMNgx5T
626,Hazle,jlopezhd@flickr.com,pTyRTlZJ
627,Trey,cwelchhe@flavors.me,Pw7MfK
628,Lavern,ffergusonhf@ucoz.com,naDZCahSse
629,Gabe,ffloreshg@booking.com,lRmpQnJQsW
630,Reid,swilliamshh@google.es,qwUdD0x4
631,Kiel,jmurphyhi@eventbrite.com,Qk76KJG6X
632,Easter,bmorrishj@fema.gov,Jw6ueUz
633,Kiarra,akinghk@samsung.com,Cl8kakdwRV7
634,Norberto,rmyershl@sakura.ne.jp,4QS2TluRpj
635,Aniya,jcampbellhm@archive.org,ebkors395pIm
636,Irwin,ssmithhn@pcworld.com,p4tTB2ZZr
637,Danial,hwardho@hp.com,SDn0CypR
638,Alisa,tandersonhp@clickbank.net,XWx36L6Tdl
639,Renee,prileyhq@soundcloud.com,jzUsK57
640,Omer,bkellyhr@lycos.com,5iL6ikP5Z7X
641,Nicklaus,vgrahamhs@weebly.com,1CZWR9kDNf
642,Lila,crayht@aboutads.info,f2esAdLg8Q0
643,Julius,cwhitehu@purevolume.com,SPA65g3fF
644,Florencio,rwatsonhv@github.com,qzaIj9mn
645,Afton,sarmstronghw@scientificamerican.com,kUK8SxUZk
646,Karlee,hporterhx@blogtalkradio.com,YMrIBofa7
647,Madelyn,jharrisonhy@joomla.org,eyZ2UlY
648,Stan,jwebbhz@home.pl,PIhnq6oUR
649,Alexandra,erosei0@mac.com,H8FZqyrqwANs
650,Sydnie,thansoni1@indiatimes.com,yw9p4Ok
651,Judah,rfoxi2@cmu.edu,uDWRoE5
652,Susie,rshawi3@home.pl,MVdItZ
653,Carmel,cknighti4@myspace.com,Hl3ewZ8Xtay
654,Frederik,dwatsoni5@blog.com,hUNmLgPmohdR
655,Ned,chunti6@cornell.edu,rMqlkm6I0cXq
656,Ward,ajenkinsi7@squarespace.com,YJY3aeUCSUz
657,Marjory,rnguyeni8@businessinsider.com,i18voV9BT
658,Monroe,jmatthewsi9@bizjournals.com,lotIpcKCK96
659,Orrin,mwhiteia@miibeian.gov.cn,IFn5vHN
660,Zella,arogersib@jiathis.com,itfGyNL4aZ
661,Aubrey,kwebbic@salon.com,jKG8gW
662,German,smooreid@soundcloud.com,0LJ91xJAFdM
663,Vivien,rlopezie@shareasale.com,a2VCO5F1dceQ
664,Augustine,apattersonif@webmd.com,etHestxE0qI
665,Josianne,bandrewsig@ed.gov,ggmrJWgdz8m
666,Isaiah,ngreenih@ask.com,j4kNw5mA8f
667,Arne,lbryantii@t.co,avhk6HWc4JqK
668,Aurelio,wgibsonij@ezinearticles.com,HIu716smPpK
669,Zaria,jleeik@technorati.com,nCGkn8pAfEfg
670,Willow,jrussellil@csmonitor.com,kezmPrzgl
671,Monserrat,pandrewsim@spotify.com,dQ64PIZVhFs
672,Michel,cjonesin@theguardian.com,xeuE5PYz
673,Layne,tmccoyio@tumblr.com,FmptMWuP
674,Beaulah,jhicksip@goo.ne.jp,HaLIdzk
675,Alvah,dbowmaniq@economist.com,7DVZHVI
676,Kurt,jdunnir@businessweek.com,rICntNpWmoh2
677,Oliver,pmorenois@salon.com,igF3f1M
678,Duncan,pmooreit@china.com.cn,2PAyjInMnzfC
679,Carlie,dmarshalliu@wix.com,pzoOSmkPiBnY
680,Alysha,dfosteriv@51.la,Xojnv3
681,Brittany,jbennettiw@nytimes.com,VniIfcQHY9
682,Drew,kpetersix@yale.edu,KKkDqs2YV
683,Cary,sdeaniy@comsenz.com,jtR9Ian
684,Hope,emccoyiz@howstuffworks.com,zaAXgiGcQs
685,Nestor,jfernandezj0@wired.com,orlJ43vCZ
686,Lupe,jcunninghamj1@reference.com,C429FazYfoO
687,Bobbie,rstewartj2@squarespace.com,m68Z8R
688,Griffin,jandersonj3@cdc.gov,4jRh2Z3crT3y
689,Eleazar,whuntj4@google.co.jp,t0OUFrJ5rf
690,Loren,aturnerj5@example.com,snFDq5CmFQT
691,Hans,bhenryj6@sciencedirect.com,Fhlpqvw
692,Cloyd,gpiercej7@msn.com,KRHS46rNDPP
693,Karl,rrichardsonj8@studiopress.com,W7Xrr5hB
694,Braden,pnicholsj9@de.vu,pFvd0jWMje
695,Clifford,sbutlerja@digg.com,8DZ1dI
696,Hadley,haustinjb@sina.com.cn,4FvN7fI8Bkk
697,Micah,lmorrisonjc@soup.io,QYFW8J6kchOM
698,Eula,gelliottjd@squarespace.com,fXXkxsbcmIm
699,Veda,jgriffinje@acquirethisname.com,BeY8be0US
700,Dedrick,atuckerjf@cocolog-nifty.com,yJqLESYecrC
701,Antonia,drogersjg@jalbum.net,kvxEYSPI67
702,Leif,tgordonjh@twitter.com,f3ikIky
703,Sedrick,hbradleyji@fastcompany.com,Qyg5A0w
704,Kaley,emorenojj@360.cn,fZGavmS8
705,Andreane,lricejk@t-online.de,3aEgNc
706,Lina,mrossjl@harvard.edu,5Xha5VtFXINc
707,Daren,mmorenojm@friendfeed.com,HcEi52Ij
708,Charity,phowelljn@wp.com,gLq2a2
709,Hollis,nmurphyjo@prnewswire.com,kVeRKXzKfKkS
710,Beth,knicholsjp@google.com.hk,o7F3ZPc
711,Brandyn,pwestjq@dyndns.org,WWCVM8Z
712,Pierre,jkellyjr@ifeng.com,bvh6Z36
713,Cecil,rgomezjs@phpbb.com,bcPRRym
714,Myles,awoodjt@acquirethisname.com,T3C1Aoye
715,Lionel,jdanielsju@wordpress.org,LN3oZohW
716,Violet,dgonzalesjv@hugedomains.com,t4VoRQ8Yjp
717,Abigail,areyesjw@toplist.cz,idNoGXYhu
718,Arno,tjacksonjx@japanpost.jp,32zH20JTCg
719,Kaylee,hlawrencejy@amazonaws.com,gPYQKy
720,Susan,jwoodjz@fc2.com,Vtc9fvK
721,Arvel,jcookk0@gizmodo.com,2UvhylvP5
722,Cletus,rfowlerk1@amazonaws.com,6H3gJrqcSH
723,Berry,mmartink2@studiopress.com,gAtVQpL
724,Torrey,lcookk3@cisco.com,A6zZVD
725,Annabel,gfernandezk4@naver.com,slFMGoi
726,Jaylin,mjohnsonk5@wunderground.com,89IeuU
727,Remington,ilewisk6@livejournal.com,0vHuDu
728,Kiera,acampbellk7@storify.com,uj59gCf9fzI
729,Brent,jarmstrongk8@cdc.gov,bmIAkFZo
730,Janiya,lcampbellk9@aboutads.info,6T35mR6Ia
731,Stanton,gcarrollka@google.pl,KC6MB4zZm
732,Jamil,jwhitekb@simplemachines.org,i32xM2f1X
733,Laurie,nmcdonaldkc@imdb.com,wqDDw6RV
734,Bennett,apalmerkd@sun.com,K6WW4iL1Ipa
735,Domingo,lrichardsonke@weebly.com,1VfuBa5WBhLu
736,Cierra,jhansenkf@soup.io,wmO8VycZ1eK
737,Adrian,bpattersonkg@chron.com,Hi3T7XstPJq
738,Gladyce,ajohnsonkh@smugmug.com,UjxGsZJuY4c
739,Oswaldo,jfergusonki@google.ca,Z4eZZfydkDv
740,Marcus,mkingkj@deliciousdays.com,2S9ZR7p
741,Dominique,chunterkk@samsung.com,hJi6REZ
742,Ines,sphillipskl@technorati.com,5Z568eXRI
743,Garnet,dlittlekm@cbsnews.com,qnMXPwgK
744,Birdie,jfergusonkn@nih.gov,HAWrnQ
745,Jaiden,dpriceko@jigsy.com,DsM7d5a43l8f
746,Ruth,mcastillokp@java.com,akb06yk
747,Verdie,kandersonkq@nhs.uk,XI8Xq0nuqDk
748,Alvera,kruizkr@about.com,EBH38k9q
749,Giuseppe,sevansks@themeforest.net,R13Ex9
750,Rollin,tjoneskt@si.edu,Lq3qcIoTwz
751,Nathanael,bcooperku@eepurl.com,fCnEegZ
752,Natalie,eallenkv@stumbleupon.com,FCh09XCr
753,Ladarius,rmorenokw@amazon.co.uk,UOmGAeQ0wHU
754,Rowena,jsullivankx@aol.com,Bd9unNrLI
755,Chaya,enicholsky@phoca.cz,9JnmKCiJsiL
756,Dolores,jharveykz@ycombinator.com,j1emXiM
757,Polly,mrichardsonl0@yale.edu,ERo0LaH6eWDb
758,Michelle,sgilbertl1@canalblog.com,cLmUjl
759,Giovanny,jbrooksl2@nsw.gov.au,pArBJ9x
760,Noemie,dkelleyl3@delicious.com,rIGNEf7BiBx
761,Connor,jporterl4@adobe.com,Oabaa09xiLmG
762,Erick,afranklinl5@yahoo.com,07n8tVKgT
763,Destini,ereynoldsl6@sciencedaily.com,jqS5ZZ
764,Pinkie,ebakerl7@xinhuanet.com,nUv5H7c44Ks
765,Jarrell,krileyl8@ocn.ne.jp,OzKnWJAG5U
766,Melany,jspencerl9@skype.com,cF22fedYRm
767,Gayle,hadamsla@state.gov,DeX1N1un
768,Sim,eknightlb@newyorker.com,q7yPbFkF
769,Elza,hbelllc@shutterfly.com,bNPYeKwq
770,Caleigh,rpalmerld@oaic.gov.au,qF95va
771,Johathan,mgutierrezle@mlb.com,pIjCHomp
772,Timothy,sgraylf@yolasite.com,0MehrHd
773,Murphy,mburkelg@stumbleupon.com,eVf5hQO3UZ
774,Juwan,jolsonlh@soup.io,gEKvxW
775,Cayla,jrogersli@indiatimes.com,FwcCoAiOvpst
776,Rosendo,khernandezlj@statcounter.com,RahbZtAEyLM7
777,Branson,cjordanlk@columbia.edu,tUntWp3d
778,Octavia,mjacobsll@wordpress.com,IaYG9E3
779,Skye,dellislm@typepad.com,NaHO69
780,Lucy,proseln@github.com,SvsbbIs2Su
781,Ayla,athompsonlo@sphinn.com,fRpbV8
782,Rick,jmyerslp@rakuten.co.jp,0DFkCNZwRGN
783,Buck,eclarklq@photobucket.com,uANH6pKLxrz
784,Charlene,ncarrolllr@google.ca,jHtUmtP
785,Uriel,smoorels@edublogs.org,ki9B2A
786,Sibyl,khilllt@mayoclinic.com,7Ozwdp2Wrb
787,Abraham,mraylu@sbwire.com,tjKa3nrEcZp9
788,Mose,mduncanlv@eepurl.com,2jgYIi
789,Darrel,skennedylw@elegantthemes.com,ubbAnVeC2Iy
790,Rudy,kvasquezlx@fema.gov,NqMH4VWjS5E
791,Tom,cmorenoly@imdb.com,uLdGQgz
792,Laisha,jwarrenlz@berkeley.edu,qul3gE
793,Annabelle,estanleym0@taobao.com,RVJ2WMon
794,Emilio,cgordonm1@google.com.au,JmDA7x
795,Dahlia,bramosm2@prlog.org,I2eRWQKW
796,Jake,jbishopm3@nbcnews.com,7o6JYFZc7j7H
797,Junior,ehughesm4@youtube.com,NPYFfWrD7J1
798,Chase,hmeyerm5@irs.gov,dXVe3zeE9S
799,Kareem,ccollinsm6@wp.com,yiF25v
800,Nella,vmurraym7@blogtalkradio.com,UZja7cD7X9
801,Leopold,afoxm8@github.io,UTl23js
802,Nona,kgriffinm9@goo.ne.jp,Y4xrPjPLVtGy
803,Toni,hsandersma@wikia.com,Cwgoc4tSqcIl
804,Annie,pgordonmb@friendfeed.com,7gBiBzSQ3g
805,Jessica,hkimmc@sina.com.cn,k7KTO3
806,Ayana,ahenrymd@livejournal.com,Jk85XLMVm6sI
807,Freida,dwilliamsonme@wp.com,c6ehC8u2
808,Monte,sstewartmf@desdev.cn,nQqacP
809,Christop,tsanchezmg@ca.gov,fjC6piVH
810,Fabiola,lstanleymh@vistaprint.com,OClOSodP
811,Sallie,fwhitemi@dion.ne.jp,BCNyvrLY
812,Gracie,rwellsmj@pcworld.com,AvuFBjhZwK
813,Austin,cfullermk@weibo.com,Ci0lRVFq
814,Otilia,pgreenml@joomla.org,tebhZWQhAv5v
815,Marisa,kchavezmm@hp.com,mrbhLPw1oeis
816,Josefina,pgreenmn@yahoo.co.jp,sMsLlh
817,Oda,preynoldsmo@ted.com,MZ3foa
818,Maegan,ccruzmp@arstechnica.com,MhWEJg93
819,Annalise,jolivermq@google.fr,lMMGFbzE8RA7
820,Theodora,gwestmr@statcounter.com,UIG4X0LZ
821,Kamryn,bmurphyms@cpanel.net,1zKrfnOCecaI
822,Mathias,mhansonmt@feedburner.com,ve6a5bse09Sc
823,Marquise,jmccoymu@reverbnation.com,cBrsUMTD2PVN
824,Freddie,khawkinsmv@photobucket.com,TGH174de
825,Aileen,hwheelermw@phpbb.com,MSNoLYclH8sf
826,Kaleb,hwatkinsmx@msu.edu,4ukvDjuZJH
827,Odell,cbutlermy@rambler.ru,lYjJPHo
828,Estell,cjohnstonmz@sciencedirect.com,n8r3cQ5
829,Chet,mrobinsonn0@yahoo.com,uRdGxH2u2C
830,Savanah,hwheelern1@free.fr,tTGJ60m
831,Deion,ahendersonn2@accuweather.com,JIO1GCWP
832,Olga,gwilliamsn3@fda.gov,j7GrQllub
833,Tatum,kburnsn4@ustream.tv,LwKSL5sWQgKj
834,Leonor,dharrisonn5@fc2.com,phVgQQ3
835,Guido,tjordann6@domainmarket.com,VELsXYER5k
836,Albina,jduncann7@dagondesign.com,TRLd4ghwLH3j
837,Avis,gwalkern8@smh.com.au,y7uvIAUWH3TR
838,Araceli,sbelln9@yandex.ru,zQiVZxeJk
839,Deontae,mfrazierna@nydailynews.com,A2r0j6btnf4A
840,Toy,swatsonnb@trellian.com,35oiPJZv
841,Chad,awellsnc@booking.com,CzJUFeDXdrJI
842,Dena,jlynchnd@go.com,Lfjya8Ugn
843,Alexandro,cgonzalezne@weather.com,kgSaRYZD
844,Chaz,jsandersnf@weather.com,cJmZjzP
845,Laurence,jporterng@pen.io,ubTy5fCpN
846,Sage,krobertsnh@europa.eu,11feVCJ
847,Kara,dpattersonni@vinaora.com,AMvuiW7KD
848,Lonzo,jwoodnj@taobao.com,sSy3jpYeGjf6
849,Chelsea,twebbnk@usda.gov,dxPjaEJmM1rH
850,Lottie,rcrawfordnl@businessweek.com,MpdGn41
851,Nels,rvasqueznm@wisc.edu,DVwdSy7RXph
852,Felicita,kgraynn@clickbank.net,U8DvHKBF76y
853,Edmond,ppriceno@webnode.com,N7CHK9W
854,Leonardo,kgrahamnp@taobao.com,wIrFNPslkY
855,Jeremy,rjacobsnq@dedecms.com,ZGrGWS9i0Rs
856,Karson,jhayesnr@deviantart.com,oAQPXIuN0cGu
857,Sheldon,ksnyderns@ucoz.ru,OorE6kL
858,Mittie,emasonnt@house.gov,1BTNqDe26
859,Colin,dperrynu@msn.com,6IFKn1A41
860,Merl,jknightnv@barnesandnoble.com,SxMFktduOqwe
861,Herminia,tmorrisonnw@apple.com,DiU06P3Ut
862,Sharon,cpetersnx@prnewswire.com,tef7oaa
863,Grover,dfisherny@dion.ne.jp,kYG38y
864,Ray,rperrynz@samsung.com,92AcN9L7A1iw
865,Eleanora,dfreemano0@yelp.com,QyfnPnm
866,Sabrina,erogerso1@bravesites.com,Rp3q5FSbYq
867,Elliot,mgonzalezo2@howstuffworks.com,sLbIoPiTn2X
868,Lauriane,rsimmonso3@cisco.com,ZtRZ1BCjS2d
869,Mariela,aedwardso4@shinystat.com,IAhI1b
870,Adaline,mholmeso5@zimbio.com,30ONqNelXQ
871,Arch,psimso6@icq.com,XaR2PT
872,Hermann,acolemano7@desdev.cn,NGJd6KmiMp
873,Alford,mreynoldso8@noaa.gov,WK0fBAJV1sKL
874,Ursula,hmartino9@google.com.hk,c8ktz3vWV
875,Ada,efieldsoa@dedecms.com,NNS0gkFhxAV
876,Moriah,twarrenob@photobucket.com,lZ3k6n
877,Izabella,jkelleyoc@nytimes.com,3VxNfqSDU
878,Destiny,jcarpenterod@umich.edu,VIEaRseF4Ip4
879,Dino,smccoyoe@ibm.com,OZCS0SqwUd
880,Webster,staylorof@jimdo.com,iK169Q
881,Rachel,mgomezog@hp.com,VDBOww3
882,Ramon,tmedinaoh@istockphoto.com,YUfEVXoSSG8
883,Brionna,rellisoi@ameblo.jp,KGYBJZPv
884,Eli,bortizoj@oracle.com,FTCzJt8M
885,Darien,agarciaok@hexun.com,My7VZH
886,Makayla,valexanderol@kickstarter.com,t5eA4s1F
887,Felicity,wfernandezom@vimeo.com,03cgzHE4Cwr
888,Selmer,mwrighton@oaic.gov.au,6D7dmjb
889,Angeline,ejonesoo@cbc.ca,W84jVt
890,Daija,agreenop@weibo.com,IhT1YhsHOH
891,Marcel,ewagneroq@1688.com,uGVrsoG
892,Connie,mgreeneor@reference.com,LO9n0rgm
893,Anjali,rjordanos@amazon.co.uk,Msj2YT
894,Anabelle,ahernandezot@geocities.jp,ensP8iacLQU
895,Stuart,blawrenceou@bloglines.com,H0v36zvf3
896,Bradley,jpowellov@uol.com.br,eC8XY7Z4
897,Armani,rstevensow@google.com.hk,eVUP0a13
898,Kelsie,slaneox@abc.net.au,CCUNmsmr
899,Paolo,bmccoyoy@mediafire.com,YHH3VdCyD
900,Matteo,fortizoz@storify.com,lyIZNFmod
901,Rosa,bboydp0@google.com,zcmnP8ZT
902,Pearline,belliottp1@rediff.com,3JEiiWdfpK
903,Ophelia,brogersp2@rambler.ru,cNYeMmq
904,Christ,jburnsp3@aboutads.info,WtMK7Y
905,Keyshawn,kpetersonp4@globo.com,eoY8ZVGN
906,Aracely,mricep5@newsvine.com,b3QXZiCk
907,Molly,emoralesp6@ucoz.com,4K6Ad6e0H4b
908,Diamond,egonzalesp7@altervista.org,PZrK4V8p
909,Colten,mtuckerp8@tripod.com,6nPpgF85z
910,Hallie,dmoorep9@accuweather.com,gVJprvgDd3
911,Helena,jandersonpa@fotki.com,fFqvDmoD8
912,Franco,pdanielspb@google.co.jp,hpmt8m
913,Benedict,apetersonpc@rediff.com,uaKSRu6F
914,Daisha,dmorenopd@globo.com,bTWohMcn
915,Douglas,shartpe@goo.ne.jp,YWV3pft
916,Yvette,rharveypf@si.edu,NIZzL92JsOd
917,Floy,nhernandezpg@flickr.com,rJCltOdUxV
918,Dayne,cburtonph@huffingtonpost.com,G7aEtQqvr7Y
919,Dorothea,speterspi@bloomberg.com,B9GTPkYtpDPM
920,Bernita,jturnerpj@dailymotion.com,rWjaGPZZLOT
921,Burley,jhillpk@oakley.com,idnQH9c
922,Roberta,aberrypl@weebly.com,LmVMMD
923,Ollie,chowardpm@gmpg.org,Kx7biofXr
924,Philip,emarshallpn@delicious.com,fZcZHsB
925,Beatrice,bcolemanpo@multiply.com,Gz0z1x
926,Constance,handrewspp@census.gov,tEmspGaA
927,Justine,anelsonpq@ask.com,IcJCvTib94Bb
928,Ibrahim,jsnyderpr@columbia.edu,DtpEMqS
929,Aaron,dgomezps@slate.com,tIJy1tNK
930,Brandy,jchapmanpt@mac.com,RA1ZafkfeOJf
931,Rickey,rwoodpu@who.int,fseS8JzxV6
932,Jillian,rgomezpv@hhs.gov,njhYh50vOTXx
933,Dorian,rwashingtonpw@netscape.com,N4JFFi0IM0o
934,Hazel,apeterspx@spotify.com,3BBjjD6M
935,Liza,htorrespy@360.cn,xA72zYoS9
936,Arthur,ashawpz@walmart.com,pVQ3eujhfJMG
937,Tremayne,jharveyq0@ted.com,Mxdu8B
938,Michael,bhartq1@imdb.com,cqEToEWN
939,Marcia,hburkeq2@google.ca,IoWwXeyCQlB
940,Federico,sfowlerq3@apple.com,s1zEw8
941,Vicky,csullivanq4@moonfruit.com,CcvadcWfmS
942,Karlie,driveraq5@ebay.com,bITObK0vh4I
943,Hal,ehowardq6@shareasale.com,3DiLdB1y0j6q
944,Desiree,wmartinq7@comsenz.com,YrFGRhxtJCe
945,Miguel,crileyq8@ed.gov,Yc9v2yTcO3
946,Vincenzo,ltorresq9@mysql.com,0j9iuVVth7
947,Karina,cramirezqa@usatoday.com,R8rCtL4
948,Bianka,rmoralesqb@4shared.com,EEh30P
949,Lazaro,lpetersqc@latimes.com,D5303kr0QFq
950,Paula,amatthewsqd@imdb.com,KXuKhZ
951,Elaina,lhowardqe@bandcamp.com,AlytoShAgOn
952,Breanna,wellisqf@who.int,PBXVaKuL84
953,Macey,jvasquezqg@tuttocitta.it,17AWp0Jrnc
954,Warren,alawrenceqh@1688.com,Y1UDSt
955,Wellington,wwalkerqi@technorati.com,p99Kc0nqwL
956,Maybell,lfordqj@github.com,30Sftiwa
957,Angus,hwilliamsqk@cocolog-nifty.com,AwgtWrQyq0iW
958,Imelda,wsimmonsql@shinystat.com,V4gZT5eb
959,Zita,rreedqm@blog.com,BVKWgsHz5AXh
960,Letha,eharrisqn@si.edu,7lpnz6MQcM
961,Rasheed,cbrooksqo@indiatimes.com,JcGNHqNvHJ8
962,Chaim,cmorganqp@typepad.com,yy5HDMBdn
963,Lyric,ddayqq@wordpress.org,qv7aVPSDPQZ
964,Hailey,harnoldqr@answers.com,423fbn663Hg
965,Miles,mrobinsonqs@icio.us,17zFK4
966,Ryder,dreedqt@abc.net.au,o4K4wT1RTd
967,Samanta,jjohnstonqu@disqus.com,w2s61rlPXY
968,Ivory,ariveraqv@zimbio.com,fGbQa35B
969,Humberto,ewagnerqw@mtv.com,noX8hHjf
970,Harrison,ahowellqx@odnoklassniki.ru,MvOOChHGrq0r
971,Bulah,rgordonqy@paypal.com,P1cwoXuCaIn
972,Ashly,nriceqz@seesaa.net,gGpmViIw
973,Lizzie,dvasquezr0@vinaora.com,0WkPXZ9IpW
974,Graham,jbrownr1@netvibes.com,VdmdKw3P
975,Cleora,mwelchr2@eventbrite.com,gmfyT5m
976,Maurine,dfrazierr3@java.com,sJZNvr6lfu
977,Gaetano,skingr4@blog.com,HKLQIRw2kPR
978,Mariano,dgreenr5@arstechnica.com,25NyxYXVgBr1
979,Alfonso,jbishopr6@patch.com,qja4Cmqi
980,Keyon,swillisr7@yellowbook.com,JMaCjs
981,Kattie,csullivanr8@google.co.uk,WIlhgfYky
982,Rae,dspencerr9@parallels.com,bHhElXC7L4d
983,Jo,nrogersra@statcounter.com,8UM2pvW5
984,Dana,anicholsrb@nps.gov,cwAYVE8
985,Evelyn,crichardsonrc@etsy.com,EIWRVLLCAe
986,Oral,tjohnstonrd@cisco.com,vlTY0BA
987,Emilie,acollinsre@sohu.com,FwmZnEvptl
988,Katherine,rperkinsrf@stumbleupon.com,YQQDta
989,Tyshawn,afreemanrg@nba.com,6GkLAv
990,Everette,bbryantrh@hatena.ne.jp,uUBPCJM
991,Phyllis,rmorrisonri@accuweather.com,QbtJ7w
992,Kaylah,jwellsrj@seesaa.net,7NHLlMgy4
993,Leonie,jpetersrk@seattletimes.com,U3JmHX1N5
994,Jon,cmillerrl@washingtonpost.com,laXw5tKoK0
995,Jan,wsimpsonrm@networksolutions.com,iCkS5KvWJ7
996,Rory,jbradleyrn@hp.com,6I5jxpMpiX
997,Darron,sharperro@bloomberg.com,x3a9JUk
998,Verla,glopezrp@etsy.com,cuAAzDJzSL
999,Dillan,kvasquezrq@people.com.cn,ZIeU4L6
1000,Ahmed,cberryrr@addtoany.com,x29UVJSpp